image,identity,emotion,score
track_1003_sample_1_sec_4021_face0.jpg,none,sadness,0.5326350927352905
track_1003_sample_2_sec_4027_face0.jpg,none,neutral,0.6062413454055786
track_1003_sample_2_sec_4027_face1.jpg,none,neutral,0.40280890464782715
track_1003_sample_3_sec_4033_face0.jpg,none,sadness,0.5367001891136169
track_1004_sample_1_sec_4027_face0.jpg,none,sadness,0.6525576710700989
track_1005_sample_3_sec_4062_face0.jpg,none,neutral,0.7489675879478455
track_1006_sample_1_sec_4029_face0.jpg,none,neutral,0.7133005261421204
track_1006_sample_1_sec_4029_face1.jpg,none,sadness,0.5006512999534607
track_1006_sample_2_sec_4039_face0.jpg,none,sadness,0.7727250456809998
track_1006_sample_3_sec_4048_face0.jpg,none,neutral,0.7172338366508484
track_1007_sample_1_sec_4033_face0.jpg,none,neutral,0.3316919803619385
track_1007_sample_2_sec_4043_face0.jpg,none,neutral,0.7583999037742615
track_1007_sample_3_sec_4055_face0.jpg,none,neutral,0.8509128093719482
track_1007_sample_3_sec_4055_face1.jpg,none,neutral,0.7787601947784424
track_1007_sample_3_sec_4055_face2.jpg,none,neutral,0.7503019571304321
track_1011_sample_1_sec_4042_face0.jpg,none,neutral,0.8458446264266968
track_1012_sample_1_sec_4045_face0.jpg,none,neutral,0.8749911189079285
track_1013_sample_1_sec_4046_face0.jpg,none,neutral,0.8088134527206421
track_1013_sample_2_sec_4053_face0.jpg,none,neutral,0.7836208343505859
track_1014_sample_2_sec_4052_face0.jpg,none,neutral,0.530592143535614
track_1014_sample_3_sec_4059_face0.jpg,none,surprise,0.41868847608566284
track_1016_sample_1_sec_4049_face0.jpg,none,neutral,0.3330540657043457
track_1018_sample_1_sec_4055_face0.jpg,none,neutral,0.8836925625801086
track_1018_sample_3_sec_4068_face0.jpg,none,neutral,0.362312376499176
track_1019_sample_1_sec_4056_face0.jpg,none,neutral,0.8751813769340515
track_1019_sample_1_sec_4056_face1.jpg,none,neutral,0.5894241333007812
track_1020_sample_1_sec_4056_face0.jpg,none,neutral,0.8679708242416382
track_1021_sample_1_sec_4057_face0.jpg,none,neutral,0.8250718712806702
track_1021_sample_2_sec_4061_face0.jpg,none,sadness,0.45322999358177185
track_1022_sample_1_sec_4058_face0.jpg,none,neutral,0.6266781687736511
track_1022_sample_3_sec_4068_face0.jpg,none,neutral,0.2999826967716217
track_1023_sample_1_sec_4062_face0.jpg,none,neutral,0.4562648832798004
track_1023_sample_2_sec_4065_face0.jpg,none,neutral,0.6961349248886108
track_1023_sample_3_sec_4068_face0.jpg,none,neutral,0.7580274939537048
track_1025_sample_3_sec_4102_face0.jpg,none,neutral,0.6358157396316528
track_102_sample_1_sec_419_face0.jpg,none,neutral,0.3205435872077942
track_102_sample_2_sec_422_face0.jpg,none,neutral,0.242660790681839
track_102_sample_3_sec_425_face0.jpg,none,neutral,0.4498014450073242
track_1032_sample_1_sec_4118_face0.jpg,none,neutral,0.8927675485610962
track_1032_sample_2_sec_4125_face0.jpg,none,neutral,0.9232253432273865
track_1032_sample_3_sec_4131_face0.jpg,none,neutral,0.8799276351928711
track_1033_sample_1_sec_4133_face0.jpg,none,neutral,0.8834022879600525
track_1033_sample_1_sec_4133_face1.jpg,none,neutral,0.9040236473083496
track_1033_sample_1_sec_4133_face2.jpg,none,neutral,0.6780258417129517
track_1033_sample_2_sec_4139_face0.jpg,none,neutral,0.8776859641075134
track_1033_sample_2_sec_4139_face1.jpg,none,neutral,0.8636338114738464
track_1033_sample_2_sec_4139_face2.jpg,none,neutral,0.8269994854927063
track_1033_sample_2_sec_4139_face3.jpg,none,neutral,0.8106189966201782
track_1033_sample_3_sec_4145_face0.jpg,none,neutral,0.7995214462280273
track_1034_sample_1_sec_4133_face0.jpg,none,neutral,0.7553238272666931
track_1034_sample_1_sec_4133_face1.jpg,none,neutral,0.8306947946548462
track_1034_sample_2_sec_4143_face0.jpg,none,surprise,0.5325342416763306
track_1035_sample_1_sec_4133_face0.jpg,none,neutral,0.9144454002380371
track_1035_sample_2_sec_4139_face0.jpg,none,neutral,0.9049466848373413
track_1035_sample_2_sec_4139_face1.jpg,none,neutral,0.8694579005241394
track_1035_sample_3_sec_4145_face0.jpg,none,neutral,0.8276746869087219
track_1036_sample_1_sec_4133_face0.jpg,none,neutral,0.9223100543022156
track_1036_sample_2_sec_4138_face0.jpg,none,neutral,0.6289089918136597
track_1036_sample_2_sec_4138_face1.jpg,none,neutral,0.9010365605354309
track_1036_sample_3_sec_4142_face0.jpg,none,neutral,0.7099524140357971
track_1037_sample_1_sec_4133_face0.jpg,none,neutral,0.8617016673088074
track_1037_sample_2_sec_4138_face0.jpg,none,neutral,0.9136999249458313
track_1037_sample_2_sec_4138_face1.jpg,none,sadness,0.511105477809906
track_1037_sample_3_sec_4144_face0.jpg,none,neutral,0.617377519607544
track_1039_sample_1_sec_4135_face0.jpg,none,neutral,0.8810202479362488
track_1039_sample_1_sec_4135_face2.jpg,none,neutral,0.8369835019111633
track_1039_sample_2_sec_4138_face0.jpg,none,neutral,0.9180511832237244
track_1039_sample_2_sec_4138_face1.jpg,none,neutral,0.6877639889717102
track_1039_sample_2_sec_4138_face2.jpg,none,neutral,0.8607026934623718
track_1039_sample_3_sec_4141_face0.jpg,none,neutral,0.9058278203010559
track_1039_sample_3_sec_4141_face1.jpg,none,neutral,0.866666316986084
track_1039_sample_3_sec_4141_face2.jpg,none,neutral,0.39103320240974426
track_103_sample_1_sec_420_face0.jpg,none,neutral,0.3308911919593811
track_103_sample_2_sec_423_face0.jpg,none,neutral,0.4899619519710541
track_1040_sample_1_sec_4139_face0.jpg,none,neutral,0.8656330108642578
track_1040_sample_1_sec_4139_face1.jpg,none,neutral,0.4977838695049286
track_1040_sample_1_sec_4139_face2.jpg,none,neutral,0.851844072341919
track_1040_sample_2_sec_4144_face0.jpg,none,neutral,0.8288532495498657
track_1040_sample_2_sec_4144_face1.jpg,none,neutral,0.8544694185256958
track_1040_sample_3_sec_4147_face0.jpg,none,neutral,0.8797562718391418
track_1042_sample_1_sec_4144_face0.jpg,none,neutral,0.6366673707962036
track_1042_sample_2_sec_4145_face0.jpg,none,neutral,0.7761352062225342
track_1050_sample_1_sec_4172_face0.jpg,none,neutral,0.8449877500534058
track_1050_sample_2_sec_4175_face0.jpg,none,neutral,0.6457810997962952
track_1050_sample_3_sec_4177_face0.jpg,none,neutral,0.6580188274383545
track_1052_sample_1_sec_4198_face0.jpg,none,happiness,0.853296160697937
track_1052_sample_2_sec_4207_face0.jpg,none,happiness,0.8513482809066772
track_1052_sample_3_sec_4216_face0.jpg,none,neutral,0.8084487915039062
track_1053_sample_1_sec_4198_face0.jpg,none,neutral,0.9185976386070251
track_1053_sample_2_sec_4207_face0.jpg,none,neutral,0.9167979955673218
track_1053_sample_3_sec_4216_face0.jpg,none,neutral,0.9274302124977112
track_1054_sample_1_sec_4198_face0.jpg,none,sadness,0.6149337887763977
track_1054_sample_2_sec_4207_face0.jpg,none,neutral,0.5753290057182312
track_1054_sample_3_sec_4216_face0.jpg,none,neutral,0.7122575640678406
track_1055_sample_1_sec_4198_face0.jpg,none,neutral,0.7811707258224487
track_1055_sample_2_sec_4207_face0.jpg,none,neutral,0.8335583806037903
track_1055_sample_3_sec_4216_face0.jpg,none,neutral,0.9011812806129456
track_1056_sample_1_sec_4198_face0.jpg,none,neutral,0.9148750305175781
track_1056_sample_1_sec_4198_face1.jpg,none,surprise,0.41239020228385925
track_1056_sample_1_sec_4198_face2.jpg,none,neutral,0.37147340178489685
track_1056_sample_1_sec_4198_face3.jpg,none,neutral,0.7059783935546875
track_1056_sample_2_sec_4207_face0.jpg,none,neutral,0.35123249888420105
track_1056_sample_2_sec_4207_face1.jpg,none,neutral,0.8481693863868713
track_1056_sample_2_sec_4207_face2.jpg,none,neutral,0.4208838939666748
track_1056_sample_2_sec_4207_face3.jpg,none,neutral,0.8408981561660767
track_1056_sample_3_sec_4216_face0.jpg,none,surprise,0.6539455652236938
track_1056_sample_3_sec_4216_face1.jpg,none,neutral,0.9354149699211121
track_1056_sample_3_sec_4216_face2.jpg,none,surprise,0.47337013483047485
track_1056_sample_3_sec_4216_face3.jpg,none,neutral,0.9129021763801575
track_1057_sample_1_sec_4198_face0.jpg,none,neutral,0.8328720927238464
track_1057_sample_1_sec_4198_face1.jpg,none,sadness,0.3609885275363922
track_1057_sample_2_sec_4207_face0.jpg,none,neutral,0.890988826751709
track_1057_sample_2_sec_4207_face1.jpg,none,happiness,0.821768581867218
track_1057_sample_2_sec_4207_face2.jpg,none,happiness,0.8367472887039185
track_1057_sample_3_sec_4216_face0.jpg,none,neutral,0.4711652994155884
track_1057_sample_3_sec_4216_face1.jpg,none,neutral,0.6731607913970947
track_1057_sample_3_sec_4216_face2.jpg,none,neutral,0.4376647472381592
track_1058_sample_1_sec_4198_face0.jpg,none,neutral,0.8752470016479492
track_1058_sample_1_sec_4198_face1.jpg,none,neutral,0.9145121574401855
track_1058_sample_1_sec_4198_face2.jpg,none,happiness,0.9092442393302917
track_1058_sample_2_sec_4208_face0.jpg,none,neutral,0.8787990808486938
track_1058_sample_2_sec_4208_face1.jpg,none,neutral,0.8985337018966675
track_1058_sample_2_sec_4208_face2.jpg,none,neutral,0.5428189635276794
track_1058_sample_3_sec_4216_face0.jpg,none,neutral,0.8281283974647522
track_1058_sample_3_sec_4216_face1.jpg,none,sadness,0.4800238609313965
track_1058_sample_3_sec_4216_face2.jpg,none,neutral,0.7236104607582092
track_1059_sample_1_sec_4198_face0.jpg,none,surprise,0.5910427570343018
track_1059_sample_1_sec_4198_face1.jpg,none,neutral,0.5547464489936829
track_1059_sample_2_sec_4207_face0.jpg,none,neutral,0.3490413427352905
track_1059_sample_2_sec_4207_face1.jpg,none,neutral,0.6920941472053528
track_1059_sample_3_sec_4216_face0.jpg,none,surprise,0.6680898070335388
track_1059_sample_3_sec_4216_face1.jpg,none,neutral,0.914726197719574
track_105_sample_1_sec_423_face0.jpg,none,neutral,0.5674449801445007
track_105_sample_2_sec_424_face0.jpg,none,neutral,0.5374148488044739
track_105_sample_3_sec_425_face0.jpg,none,neutral,0.5128881931304932
track_1060_sample_1_sec_4198_face0.jpg,none,neutral,0.915330708026886
track_1060_sample_1_sec_4198_face1.jpg,none,neutral,0.851727306842804
track_1060_sample_1_sec_4198_face2.jpg,none,neutral,0.8683419823646545
track_1060_sample_2_sec_4207_face0.jpg,none,neutral,0.9228108525276184
track_1060_sample_2_sec_4207_face1.jpg,none,neutral,0.4423363506793976
track_1060_sample_2_sec_4207_face2.jpg,none,neutral,0.44832804799079895
track_1060_sample_3_sec_4216_face0.jpg,none,neutral,0.9237627983093262
track_1060_sample_3_sec_4216_face1.jpg,none,neutral,0.9155815839767456
track_1060_sample_3_sec_4216_face2.jpg,none,neutral,0.8479734659194946
track_1061_sample_1_sec_4198_face0.jpg,none,neutral,0.5202330350875854
track_1061_sample_1_sec_4198_face1.jpg,none,happiness,0.9414628148078918
track_1061_sample_2_sec_4207_face0.jpg,none,sadness,0.5668096542358398
track_1061_sample_2_sec_4207_face1.jpg,none,happiness,0.9394012689590454
track_1061_sample_3_sec_4216_face0.jpg,none,sadness,0.66653972864151
track_1061_sample_3_sec_4216_face1.jpg,none,neutral,0.5336185097694397
track_1062_sample_1_sec_4198_face0.jpg,none,sadness,0.5624623894691467
track_1062_sample_1_sec_4198_face1.jpg,none,neutral,0.7098715901374817
track_1062_sample_1_sec_4198_face2.jpg,none,neutral,0.817535400390625
track_1062_sample_2_sec_4207_face0.jpg,none,happiness,0.7596666216850281
track_1062_sample_2_sec_4207_face1.jpg,none,neutral,0.7386108636856079
track_1062_sample_2_sec_4207_face2.jpg,none,neutral,0.823741614818573
track_1062_sample_3_sec_4216_face0.jpg,none,neutral,0.7953476309776306
track_1062_sample_3_sec_4216_face1.jpg,none,neutral,0.686068058013916
track_1062_sample_3_sec_4216_face2.jpg,none,neutral,0.9160616397857666
track_1063_sample_1_sec_4198_face0.jpg,none,neutral,0.9206061363220215
track_1063_sample_1_sec_4198_face1.jpg,none,sadness,0.5548076033592224
track_1063_sample_2_sec_4207_face0.jpg,none,happiness,0.6161057353019714
track_1063_sample_2_sec_4207_face1.jpg,none,neutral,0.7554899454116821
track_1063_sample_3_sec_4216_face0.jpg,none,neutral,0.7981146574020386
track_1063_sample_3_sec_4216_face1.jpg,none,neutral,0.7584630846977234
track_1064_sample_1_sec_4198_face0.jpg,none,neutral,0.6400080323219299
track_1064_sample_1_sec_4198_face1.jpg,none,sadness,0.4620099663734436
track_1064_sample_2_sec_4207_face0.jpg,none,happiness,0.6083136200904846
track_1064_sample_2_sec_4207_face1.jpg,none,neutral,0.6614696979522705
track_1064_sample_3_sec_4216_face0.jpg,none,neutral,0.7057482600212097
track_1064_sample_3_sec_4216_face1.jpg,none,neutral,0.7025496959686279
track_1065_sample_1_sec_4198_face0.jpg,none,neutral,0.9112449288368225
track_1065_sample_1_sec_4198_face1.jpg,none,neutral,0.8795171976089478
track_1065_sample_1_sec_4198_face2.jpg,none,neutral,0.5163743495941162
track_1065_sample_2_sec_4207_face0.jpg,none,neutral,0.8125604391098022
track_1065_sample_2_sec_4207_face1.jpg,none,neutral,0.8945549130439758
track_1065_sample_2_sec_4207_face2.jpg,none,happiness,0.527043342590332
track_1065_sample_3_sec_4216_face0.jpg,none,neutral,0.9164698719978333
track_1065_sample_3_sec_4216_face1.jpg,none,neutral,0.6429390907287598
track_1065_sample_3_sec_4216_face2.jpg,none,neutral,0.6458213925361633
track_1066_sample_1_sec_4198_face0.jpg,none,neutral,0.9003708958625793
track_1066_sample_1_sec_4198_face1.jpg,none,neutral,0.5355721116065979
track_1066_sample_1_sec_4198_face2.jpg,none,sadness,0.3960706293582916
track_1066_sample_2_sec_4207_face0.jpg,none,neutral,0.9032620191574097
track_1066_sample_2_sec_4207_face1.jpg,none,neutral,0.47840070724487305
track_1066_sample_2_sec_4207_face2.jpg,none,neutral,0.5876927375793457
track_1066_sample_3_sec_4216_face0.jpg,none,neutral,0.9171594381332397
track_1066_sample_3_sec_4216_face1.jpg,none,neutral,0.686941385269165
track_1066_sample_3_sec_4216_face2.jpg,none,neutral,0.5322837829589844
track_1067_sample_1_sec_4198_face0.jpg,none,neutral,0.640832781791687
track_1067_sample_1_sec_4198_face1.jpg,none,neutral,0.9244973659515381
track_1067_sample_1_sec_4198_face2.jpg,none,neutral,0.9054520726203918
track_1067_sample_1_sec_4198_face3.jpg,none,neutral,0.9185964465141296
track_1067_sample_1_sec_4198_face4.jpg,none,sadness,0.3990817070007324
track_1067_sample_2_sec_4207_face0.jpg,none,neutral,0.7860386371612549
track_1067_sample_2_sec_4207_face1.jpg,none,happiness,0.7940270304679871
track_1067_sample_2_sec_4207_face2.jpg,none,neutral,0.47801223397254944
track_1067_sample_2_sec_4207_face3.jpg,none,neutral,0.9194492101669312
track_1067_sample_2_sec_4207_face4.jpg,none,neutral,0.8780401945114136
track_1067_sample_3_sec_4216_face0.jpg,none,neutral,0.9218512773513794
track_1067_sample_3_sec_4216_face1.jpg,none,neutral,0.6825027465820312
track_1067_sample_3_sec_4216_face2.jpg,none,neutral,0.8230186700820923
track_1067_sample_3_sec_4216_face3.jpg,none,neutral,0.8835784196853638
track_1067_sample_3_sec_4216_face4.jpg,none,neutral,0.8635866641998291
track_1068_sample_1_sec_4198_face0.jpg,none,neutral,0.8988690376281738
track_1068_sample_1_sec_4198_face1.jpg,none,neutral,0.8756784200668335
track_1068_sample_1_sec_4198_face2.jpg,none,neutral,0.9155659079551697
track_1068_sample_1_sec_4198_face3.jpg,none,neutral,0.8643226027488708
track_1068_sample_1_sec_4198_face4.jpg,none,happiness,0.4138065576553345
track_1068_sample_2_sec_4207_face0.jpg,none,neutral,0.5177371501922607
track_1068_sample_2_sec_4207_face1.jpg,none,neutral,0.4259091913700104
track_1068_sample_2_sec_4207_face2.jpg,none,neutral,0.9125164747238159
track_1068_sample_2_sec_4207_face3.jpg,none,neutral,0.8817479610443115
track_1068_sample_3_sec_4216_face0.jpg,none,neutral,0.9241369366645813
track_1068_sample_3_sec_4216_face1.jpg,none,neutral,0.9234127402305603
track_1068_sample_3_sec_4216_face2.jpg,none,neutral,0.8566843867301941
track_1068_sample_3_sec_4216_face3.jpg,none,neutral,0.9083906412124634
track_1069_sample_1_sec_4198_face0.jpg,none,sadness,0.46970677375793457
track_1069_sample_1_sec_4198_face1.jpg,none,neutral,0.902840793132782
track_1069_sample_1_sec_4198_face2.jpg,none,neutral,0.8880561590194702
track_1069_sample_1_sec_4198_face3.jpg,none,neutral,0.6541650295257568
track_1069_sample_1_sec_4198_face4.jpg,none,neutral,0.787167489528656
track_1069_sample_2_sec_4207_face0.jpg,none,neutral,0.719089686870575
track_1069_sample_2_sec_4207_face1.jpg,none,neutral,0.842553436756134
track_1069_sample_2_sec_4207_face2.jpg,none,neutral,0.7127934098243713
track_1069_sample_2_sec_4207_face3.jpg,none,neutral,0.8684192895889282
track_1069_sample_2_sec_4207_face4.jpg,none,sadness,0.4950912296772003
track_1069_sample_3_sec_4216_face0.jpg,none,neutral,0.7107692956924438
track_1069_sample_3_sec_4216_face1.jpg,none,neutral,0.7131292819976807
track_1069_sample_3_sec_4216_face2.jpg,none,neutral,0.9123603701591492
track_1069_sample_3_sec_4216_face3.jpg,none,neutral,0.888968288898468
track_1069_sample_3_sec_4216_face4.jpg,none,sadness,0.544575572013855
track_106_sample_1_sec_427_face0.jpg,none,neutral,0.8357529640197754
track_106_sample_2_sec_431_face0.jpg,none,neutral,0.9022235870361328
track_106_sample_3_sec_435_face0.jpg,none,neutral,0.9027295708656311
track_1070_sample_1_sec_4198_face0.jpg,none,happiness,0.9015690684318542
track_1070_sample_1_sec_4198_face1.jpg,none,neutral,0.616618275642395
track_1070_sample_1_sec_4198_face2.jpg,none,neutral,0.9173293113708496
track_1070_sample_1_sec_4198_face3.jpg,none,sadness,0.7006674408912659
track_1070_sample_1_sec_4198_face4.jpg,none,neutral,0.5819717645645142
track_1070_sample_2_sec_4207_face0.jpg,none,neutral,0.8565382361412048
track_1070_sample_2_sec_4207_face1.jpg,none,neutral,0.8611277341842651
track_1070_sample_2_sec_4207_face2.jpg,none,happiness,0.8685117959976196
track_1070_sample_2_sec_4207_face3.jpg,none,neutral,0.48245105147361755
track_1070_sample_2_sec_4207_face4.jpg,none,sadness,0.6006151437759399
track_1070_sample_3_sec_4216_face0.jpg,none,neutral,0.667273759841919
track_1070_sample_3_sec_4216_face1.jpg,none,surprise,0.6069834232330322
track_1070_sample_3_sec_4216_face2.jpg,none,sadness,0.6049449443817139
track_1070_sample_3_sec_4216_face3.jpg,none,neutral,0.9357502460479736
track_1070_sample_3_sec_4216_face4.jpg,none,sadness,0.6312863826751709
track_1071_sample_1_sec_4198_face0.jpg,none,neutral,0.8143112659454346
track_1071_sample_1_sec_4198_face1.jpg,none,neutral,0.9065749645233154
track_1071_sample_1_sec_4198_face2.jpg,none,neutral,0.739665150642395
track_1071_sample_1_sec_4198_face3.jpg,none,surprise,0.35156697034835815
track_1071_sample_1_sec_4198_face4.jpg,none,sadness,0.7015453577041626
track_1071_sample_2_sec_4207_face0.jpg,none,happiness,0.6933213472366333
track_1071_sample_2_sec_4207_face1.jpg,none,surprise,0.7480294108390808
track_1071_sample_2_sec_4207_face2.jpg,none,neutral,0.8393921256065369
track_1071_sample_2_sec_4207_face3.jpg,none,neutral,0.758895754814148
track_1071_sample_3_sec_4216_face0.jpg,none,neutral,0.5813308954238892
track_1071_sample_3_sec_4216_face1.jpg,none,neutral,0.8397547006607056
track_1071_sample_3_sec_4216_face2.jpg,none,neutral,0.931568443775177
track_1071_sample_3_sec_4216_face3.jpg,none,neutral,0.9140374660491943
track_1072_sample_1_sec_4199_face0.jpg,none,neutral,0.9145171642303467
track_1072_sample_2_sec_4208_face0.jpg,none,neutral,0.8903548121452332
track_1072_sample_3_sec_4216_face0.jpg,none,neutral,0.645484209060669
track_1073_sample_1_sec_4199_face0.jpg,none,neutral,0.6098784804344177
track_1073_sample_2_sec_4208_face0.jpg,none,neutral,0.4958154261112213
track_1073_sample_3_sec_4216_face0.jpg,none,happiness,0.4071311354637146
track_1074_sample_1_sec_4199_face0.jpg,none,neutral,0.9258663058280945
track_1074_sample_1_sec_4199_face1.jpg,none,neutral,0.9304813742637634
track_1074_sample_2_sec_4207_face0.jpg,none,neutral,0.43737921118736267
track_1074_sample_2_sec_4207_face1.jpg,none,neutral,0.917238175868988
track_1074_sample_3_sec_4216_face0.jpg,none,neutral,0.9277351498603821
track_1074_sample_3_sec_4216_face1.jpg,none,neutral,0.9280478954315186
track_1076_sample_1_sec_4244_face0.jpg,none,neutral,0.8975629210472107
track_1076_sample_2_sec_4254_face0.jpg,none,neutral,0.9209634065628052
track_1076_sample_3_sec_4263_face0.jpg,none,neutral,0.8664463758468628
track_1077_sample_3_sec_4264_face0.jpg,none,neutral,0.578945517539978
track_1085_sample_1_sec_4261_face0.jpg,none,neutral,0.5388544201850891
track_1086_sample_1_sec_4263_face0.jpg,none,neutral,0.7721262574195862
track_1086_sample_3_sec_4266_face0.jpg,none,neutral,0.4347408413887024
track_108_sample_1_sec_431_face0.jpg,none,neutral,0.9205449819564819
track_108_sample_2_sec_432_face0.jpg,none,neutral,0.9062931537628174
track_108_sample_3_sec_436_face0.jpg,none,neutral,0.5124103426933289
track_1098_sample_1_sec_4275_face0.jpg,none,neutral,0.3255402445793152
track_1098_sample_2_sec_4289_face0.jpg,none,neutral,0.6380446553230286
track_1098_sample_3_sec_4305_face0.jpg,none,neutral,0.7706048488616943
track_1098_sample_3_sec_4305_face1.jpg,none,neutral,0.45718351006507874
track_109_sample_1_sec_438_face0.jpg,none,neutral,0.7335593104362488
track_10_sample_1_sec_53_face0.jpg,none,neutral,0.8949629664421082
track_10_sample_1_sec_53_face1.jpg,none,neutral,0.9251282811164856
track_1103_sample_3_sec_4308_face0.jpg,none,neutral,0.6623923778533936
track_1105_sample_1_sec_4292_face0.jpg,none,neutral,0.29718661308288574
track_1108_sample_1_sec_4295_face0.jpg,none,neutral,0.5632750988006592
track_1108_sample_2_sec_4299_face0.jpg,none,neutral,0.33359286189079285
track_1108_sample_3_sec_4305_face0.jpg,none,neutral,0.3461396396160126
track_1109_sample_1_sec_4296_face0.jpg,none,neutral,0.7543023228645325
track_110_sample_1_sec_438_face0.jpg,none,happiness,0.854753315448761
track_110_sample_2_sec_465_face0.jpg,none,neutral,0.9276871085166931
track_110_sample_3_sec_469_face0.jpg,none,neutral,0.8802142143249512
track_1116_sample_1_sec_4305_face0.jpg,none,neutral,0.7379116415977478
track_1117_sample_1_sec_4306_face0.jpg,none,neutral,0.7534055709838867
track_1117_sample_3_sec_4308_face0.jpg,none,neutral,0.7528919577598572
track_1124_sample_3_sec_4333_face0.jpg,none,neutral,0.6824181079864502
track_1126_sample_1_sec_4321_face0.jpg,none,neutral,0.6729055047035217
track_1126_sample_1_sec_4321_face1.jpg,none,neutral,0.6961109042167664
track_1127_sample_1_sec_4322_face0.jpg,none,neutral,0.7296960949897766
track_1127_sample_2_sec_4326_face0.jpg,none,neutral,0.45928242802619934
track_1128_sample_2_sec_4332_face0.jpg,none,neutral,0.6029941439628601
track_1128_sample_3_sec_4337_face0.jpg,none,neutral,0.6255898475646973
track_112_sample_1_sec_440_face0.jpg,none,neutral,0.7764819860458374
track_112_sample_2_sec_451_face0.jpg,none,neutral,0.6288803815841675
track_112_sample_3_sec_460_face0.jpg,none,neutral,0.8212060332298279
track_1138_sample_2_sec_4363_face0.jpg,none,neutral,0.8142508864402771
track_1140_sample_1_sec_4362_face0.jpg,none,neutral,0.7994793057441711
track_1140_sample_3_sec_4376_face0.jpg,none,neutral,0.8767441511154175
track_1142_sample_2_sec_4391_face0.jpg,none,neutral,0.8064215779304504
track_1142_sample_3_sec_4399_face0.jpg,none,neutral,0.861928403377533
track_118_sample_1_sec_462_face0.jpg,none,neutral,0.7657287120819092
track_118_sample_2_sec_466_face0.jpg,none,neutral,0.886711835861206
track_118_sample_3_sec_469_face0.jpg,none,neutral,0.8990031480789185
track_119_sample_1_sec_471_face0.jpg,none,neutral,0.8547042012214661
track_120_sample_1_sec_471_face0.jpg,none,neutral,0.8783923387527466
track_121_sample_2_sec_476_face0.jpg,none,neutral,0.3328382670879364
track_124_sample_1_sec_471_face0.jpg,none,neutral,0.9017187356948853
track_124_sample_2_sec_475_face0.jpg,none,neutral,0.8667128086090088
track_126_sample_1_sec_471_face0.jpg,none,neutral,0.884292483329773
track_127_sample_1_sec_472_face0.jpg,none,neutral,0.8727542161941528
track_127_sample_1_sec_472_face1.jpg,none,neutral,0.6164857745170593
track_127_sample_2_sec_473_face0.jpg,none,neutral,0.7270200252532959
track_12_sample_1_sec_56_face0.jpg,none,neutral,0.8302350044250488
track_133_sample_1_sec_474_face0.jpg,none,neutral,0.8188341856002808
track_133_sample_2_sec_476_face0.jpg,none,neutral,0.7863746285438538
track_134_sample_1_sec_474_face0.jpg,none,neutral,0.9245787858963013
track_134_sample_2_sec_476_face0.jpg,none,neutral,0.8599557876586914
track_135_sample_1_sec_474_face0.jpg,none,neutral,0.8301043510437012
track_136_sample_1_sec_474_face0.jpg,none,neutral,0.7166008353233337
track_136_sample_2_sec_485_face0.jpg,none,neutral,0.8268178701400757
track_136_sample_3_sec_486_face0.jpg,none,neutral,0.8915535807609558
track_137_sample_1_sec_474_face0.jpg,none,neutral,0.8455792665481567
track_13_sample_1_sec_57_face0.jpg,none,neutral,0.5251217484474182
track_13_sample_2_sec_75_face0.jpg,none,neutral,0.8300250172615051
track_13_sample_3_sec_84_face0.jpg,none,neutral,0.6830333471298218
track_13_sample_3_sec_84_face1.jpg,none,neutral,0.4389497637748718
track_141_sample_1_sec_476_face1.jpg,none,neutral,0.6258324384689331
track_144_sample_1_sec_481_face0.jpg,none,neutral,0.5353860855102539
track_146_sample_1_sec_483_face0.jpg,none,neutral,0.713809609413147
track_146_sample_1_sec_483_face1.jpg,none,neutral,0.7995664477348328
track_146_sample_2_sec_491_face0.jpg,none,happiness,0.7443498373031616
track_146_sample_2_sec_491_face1.jpg,none,neutral,0.546037495136261
track_147_sample_1_sec_483_face0.jpg,none,neutral,0.49383747577667236
track_147_sample_1_sec_483_face1.jpg,none,neutral,0.7802291512489319
track_148_sample_1_sec_483_face0.jpg,none,neutral,0.6156564354896545
track_148_sample_2_sec_491_face0.jpg,none,happiness,0.7056501507759094
track_149_sample_1_sec_483_face0.jpg,none,neutral,0.7282187342643738
track_149_sample_2_sec_491_face0.jpg,none,neutral,0.6702492237091064
track_149_sample_3_sec_492_face0.jpg,none,neutral,0.33165183663368225
track_153_sample_2_sec_488_face0.jpg,none,neutral,0.921248197555542
track_153_sample_2_sec_488_face1.jpg,none,neutral,0.8423633575439453
track_153_sample_2_sec_488_face2.jpg,none,neutral,0.5477075576782227
track_153_sample_3_sec_490_face0.jpg,none,neutral,0.9181927442550659
track_153_sample_3_sec_490_face1.jpg,none,neutral,0.5867447257041931
track_154_sample_1_sec_485_face0.jpg,none,neutral,0.4941379129886627
track_154_sample_2_sec_487_face0.jpg,none,neutral,0.34904900193214417
track_154_sample_2_sec_487_face1.jpg,none,neutral,0.3383263051509857
track_154_sample_2_sec_487_face2.jpg,none,neutral,0.3360532522201538
track_154_sample_3_sec_488_face0.jpg,none,neutral,0.6144734025001526
track_154_sample_3_sec_488_face1.jpg,none,neutral,0.7022312879562378
track_156_sample_3_sec_487_face0.jpg,none,neutral,0.8730281591415405
track_158_sample_1_sec_487_face0.jpg,none,neutral,0.7815931439399719
track_158_sample_2_sec_489_face0.jpg,none,neutral,0.8911441564559937
track_158_sample_3_sec_490_face0.jpg,none,neutral,0.8687030076980591
track_159_sample_1_sec_487_face0.jpg,none,neutral,0.912952184677124
track_159_sample_1_sec_487_face1.jpg,none,neutral,0.8056082725524902
track_159_sample_2_sec_489_face0.jpg,none,neutral,0.8683220148086548
track_159_sample_3_sec_490_face0.jpg,none,neutral,0.8066258430480957
track_15_sample_2_sec_86_face0.jpg,none,neutral,0.7461152672767639
track_161_sample_1_sec_488_face0.jpg,none,neutral,0.9181363582611084
track_161_sample_1_sec_488_face1.jpg,none,neutral,0.6982407569885254
track_162_sample_1_sec_488_face0.jpg,none,neutral,0.6038428544998169
track_168_sample_1_sec_492_face0.jpg,none,neutral,0.24541698396205902
track_170_sample_2_sec_499_face0.jpg,none,neutral,0.5284270644187927
track_170_sample_3_sec_503_face0.jpg,none,neutral,0.4126644730567932
track_171_sample_1_sec_492_face0.jpg,none,neutral,0.6015227437019348
track_171_sample_1_sec_492_face1.jpg,none,neutral,0.35492753982543945
track_173_sample_1_sec_492_face0.jpg,none,neutral,0.40327996015548706
track_175_sample_1_sec_492_face0.jpg,none,neutral,0.3594643473625183
track_178_sample_1_sec_492_face0.jpg,none,neutral,0.514568567276001
track_178_sample_1_sec_492_face1.jpg,none,neutral,0.7077357172966003
track_18_sample_1_sec_110_face0.jpg,none,neutral,0.5918095111846924
track_18_sample_2_sec_117_face0.jpg,none,neutral,0.9010917544364929
track_18_sample_3_sec_124_face0.jpg,none,neutral,0.8230425119400024
track_19_sample_2_sec_117_face0.jpg,none,neutral,0.7562921643257141
track_19_sample_3_sec_124_face0.jpg,none,neutral,0.7376566529273987
track_1_sample_3_sec_10_face0.jpg,none,neutral,0.882901132106781
track_206_sample_1_sec_498_face0.jpg,none,neutral,0.516839325428009
track_20_sample_1_sec_110_face0.jpg,none,neutral,0.7379288077354431
track_20_sample_2_sec_117_face0.jpg,none,neutral,0.8053567409515381
track_20_sample_3_sec_124_face0.jpg,none,neutral,0.7801699638366699
track_210_sample_1_sec_505_face0.jpg,none,neutral,0.9095516204833984
track_210_sample_1_sec_505_face1.jpg,none,neutral,0.6696421504020691
track_210_sample_2_sec_506_face0.jpg,none,neutral,0.9187183976173401
track_210_sample_2_sec_506_face1.jpg,none,neutral,0.7896363139152527
track_210_sample_3_sec_507_face0.jpg,none,neutral,0.6738564968109131
track_210_sample_3_sec_507_face1.jpg,none,neutral,0.923758864402771
track_211_sample_1_sec_535_face0.jpg,none,neutral,0.7229108214378357
track_211_sample_2_sec_545_face0.jpg,none,sadness,0.5975834727287292
track_211_sample_3_sec_554_face0.jpg,none,sadness,0.5793108940124512
track_212_sample_1_sec_576_face0.jpg,none,sadness,0.6159018278121948
track_212_sample_2_sec_580_face0.jpg,none,neutral,0.8770996928215027
track_212_sample_3_sec_583_face0.jpg,none,neutral,0.8960989117622375
track_215_sample_2_sec_659_face0.jpg,none,neutral,0.8896420001983643
track_216_sample_2_sec_698_face0.jpg,none,neutral,0.7523760795593262
track_216_sample_3_sec_707_face0.jpg,none,happiness,0.41727936267852783
track_218_sample_1_sec_694_face0.jpg,none,neutral,0.9109922647476196
track_218_sample_2_sec_699_face0.jpg,none,neutral,0.7190223336219788
track_219_sample_3_sec_707_face0.jpg,none,neutral,0.7425500750541687
track_21_sample_1_sec_110_face0.jpg,none,neutral,0.7371817827224731
track_21_sample_2_sec_117_face0.jpg,none,neutral,0.3316044211387634
track_222_sample_2_sec_699_face0.jpg,none,neutral,0.6271970868110657
track_223_sample_2_sec_696_face0.jpg,none,neutral,0.5994182229042053
track_223_sample_3_sec_697_face0.jpg,none,neutral,0.7330240607261658
track_225_sample_2_sec_699_face0.jpg,none,neutral,0.524806559085846
track_23_sample_1_sec_113_face0.jpg,none,neutral,0.8136165738105774
track_23_sample_1_sec_113_face1.jpg,none,neutral,0.5541331768035889
track_23_sample_2_sec_119_face0.jpg,none,neutral,0.7170131802558899
track_23_sample_2_sec_119_face1.jpg,none,neutral,0.6432858109474182
track_23_sample_3_sec_124_face0.jpg,none,neutral,0.6979204416275024
track_23_sample_3_sec_124_face1.jpg,none,neutral,0.4934520125389099
track_268_sample_1_sec_707_face0.jpg,none,neutral,0.8080129623413086
track_272_sample_1_sec_710_face0.jpg,none,neutral,0.29971906542778015
track_272_sample_1_sec_710_face1.jpg,none,sadness,0.4349605441093445
track_272_sample_2_sec_711_face0.jpg,none,neutral,0.5368327498435974
track_273_sample_1_sec_721_face0.jpg,none,neutral,0.6814624667167664
track_273_sample_2_sec_731_face0.jpg,none,neutral,0.6475727558135986
track_273_sample_3_sec_740_face0.jpg,none,neutral,0.6960455179214478
track_274_sample_1_sec_749_face0.jpg,none,neutral,0.9173924326896667
track_274_sample_1_sec_749_face1.jpg,none,neutral,0.7935901880264282
track_274_sample_1_sec_749_face2.jpg,none,neutral,0.6042259931564331
track_274_sample_2_sec_758_face0.jpg,none,neutral,0.8317882418632507
track_274_sample_2_sec_758_face1.jpg,none,neutral,0.603979229927063
track_274_sample_2_sec_758_face2.jpg,none,neutral,0.8753334283828735
track_274_sample_3_sec_767_face0.jpg,none,neutral,0.8793113827705383
track_274_sample_3_sec_767_face1.jpg,none,happiness,0.3966290354728699
track_274_sample_3_sec_767_face2.jpg,none,neutral,0.8357428908348083
track_275_sample_1_sec_754_face0.jpg,none,neutral,0.7916768789291382
track_275_sample_2_sec_764_face0.jpg,none,neutral,0.9245591163635254
track_275_sample_2_sec_764_face1.jpg,none,neutral,0.7627490758895874
track_275_sample_3_sec_773_face0.jpg,none,neutral,0.38509640097618103
track_276_sample_1_sec_769_face0.jpg,none,neutral,0.5463640093803406
track_276_sample_2_sec_779_face0.jpg,none,neutral,0.4427827298641205
track_276_sample_3_sec_788_face0.jpg,none,neutral,0.40057140588760376
track_279_sample_3_sec_785_face0.jpg,none,neutral,0.4807545840740204
track_27_sample_2_sec_132_face0.jpg,none,neutral,0.5962485074996948
track_281_sample_1_sec_929_face0.jpg,none,neutral,0.7149123549461365
track_281_sample_2_sec_939_face0.jpg,none,sadness,0.8633736371994019
track_281_sample_3_sec_948_face0.jpg,none,sadness,0.8891546726226807
track_284_sample_2_sec_949_face0.jpg,none,neutral,0.8557602763175964
track_284_sample_3_sec_955_face0.jpg,none,neutral,0.8440543413162231
track_285_sample_1_sec_957_face0.jpg,none,neutral,0.8009201884269714
track_285_sample_2_sec_967_face0.jpg,none,neutral,0.8723107576370239
track_285_sample_3_sec_976_face0.jpg,none,neutral,0.8980106711387634
track_286_sample_1_sec_1017_face0.jpg,none,neutral,0.9024050235748291
track_286_sample_2_sec_1027_face0.jpg,none,neutral,0.8149680495262146
track_286_sample_3_sec_1036_face0.jpg,none,neutral,0.7737964391708374
track_287_sample_2_sec_1053_face0.jpg,none,neutral,0.8652821183204651
track_287_sample_2_sec_1053_face1.jpg,none,neutral,0.4797798991203308
track_290_sample_2_sec_1075_face0.jpg,none,neutral,0.680928647518158
track_292_sample_1_sec_1050_face0.jpg,none,neutral,0.6704860329627991
track_292_sample_1_sec_1050_face1.jpg,none,neutral,0.8009592294692993
track_292_sample_1_sec_1050_face2.jpg,none,neutral,0.26960527896881104
track_292_sample_2_sec_1074_face0.jpg,none,neutral,0.41657936573028564
track_294_sample_1_sec_1051_face0.jpg,none,neutral,0.6343413591384888
track_294_sample_1_sec_1051_face1.jpg,none,neutral,0.604185938835144
track_295_sample_1_sec_1051_face0.jpg,none,neutral,0.4521559476852417
track_298_sample_1_sec_1052_face0.jpg,none,neutral,0.8175171613693237
track_298_sample_2_sec_1073_face0.jpg,none,neutral,0.6778773665428162
track_29_sample_1_sec_135_face0.jpg,none,neutral,0.38817867636680603
track_2_sample_1_sec_12_face0.jpg,none,neutral,0.7416996359825134
track_2_sample_2_sec_22_face0.jpg,none,neutral,0.8425477147102356
track_2_sample_3_sec_70_face0.jpg,none,neutral,0.9169970154762268
track_305_sample_1_sec_1053_face0.jpg,none,neutral,0.7068485021591187
track_310_sample_1_sec_1055_face0.jpg,none,neutral,0.8471288681030273
track_312_sample_1_sec_1057_face0.jpg,none,neutral,0.8852800130844116
track_312_sample_2_sec_1061_face0.jpg,none,neutral,0.924616813659668
track_312_sample_3_sec_1064_face0.jpg,none,neutral,0.9019612073898315
track_313_sample_1_sec_1066_face0.jpg,none,neutral,0.757896900177002
track_316_sample_1_sec_1066_face0.jpg,none,neutral,0.7786577939987183
track_316_sample_2_sec_1070_face0.jpg,none,neutral,0.7011942863464355
track_316_sample_3_sec_1086_face0.jpg,none,neutral,0.8924515247344971
track_317_sample_2_sec_1070_face0.jpg,none,neutral,0.7653546333312988
track_319_sample_1_sec_1068_face0.jpg,none,neutral,0.3742787539958954
track_319_sample_2_sec_1115_face0.jpg,none,neutral,0.7534853219985962
track_319_sample_3_sec_1143_face0.jpg,none,surprise,0.46800458431243896
track_31_sample_1_sec_135_face0.jpg,none,neutral,0.5573963522911072
track_322_sample_1_sec_1074_face0.jpg,none,neutral,0.3882465958595276
track_322_sample_2_sec_1075_face0.jpg,none,neutral,0.7777396440505981
track_322_sample_2_sec_1075_face1.jpg,none,neutral,0.6470571160316467
track_323_sample_1_sec_1074_face0.jpg,none,neutral,0.4785618782043457
track_324_sample_1_sec_1074_face0.jpg,none,neutral,0.4455711841583252
track_324_sample_2_sec_1075_face0.jpg,none,neutral,0.4532356262207031
track_338_sample_2_sec_1106_face0.jpg,none,neutral,0.7730321884155273
track_339_sample_1_sec_1086_face0.jpg,none,neutral,0.8412086963653564
track_339_sample_2_sec_1104_face0.jpg,none,neutral,0.8055223822593689
track_339_sample_3_sec_1113_face0.jpg,none,neutral,0.6432003974914551
track_339_sample_3_sec_1113_face1.jpg,none,neutral,0.6601899862289429
track_344_sample_1_sec_1088_face0.jpg,none,neutral,0.568425178527832
track_365_sample_1_sec_1099_face0.jpg,none,neutral,0.7340441942214966
track_367_sample_1_sec_1100_face0.jpg,none,neutral,0.7289562821388245
track_369_sample_1_sec_1100_face0.jpg,none,neutral,0.8401044011116028
track_36_sample_1_sec_135_face0.jpg,none,neutral,0.6694451570510864
track_36_sample_2_sec_136_face0.jpg,none,neutral,0.771213173866272
track_370_sample_1_sec_1101_face0.jpg,none,neutral,0.5247029066085815
track_382_sample_1_sec_1116_face0.jpg,none,neutral,0.7267025113105774
track_382_sample_1_sec_1116_face1.jpg,none,neutral,0.7409490942955017
track_382_sample_2_sec_1120_face0.jpg,none,sadness,0.4585801661014557
track_382_sample_2_sec_1120_face1.jpg,none,neutral,0.5200805068016052
track_382_sample_3_sec_1123_face0.jpg,none,neutral,0.596289873123169
track_382_sample_3_sec_1123_face1.jpg,none,neutral,0.29536789655685425
track_383_sample_1_sec_1125_face0.jpg,none,neutral,0.8982429504394531
track_383_sample_2_sec_1137_face0.jpg,none,neutral,0.8008692264556885
track_383_sample_3_sec_1163_face0.jpg,none,neutral,0.7287586331367493
track_384_sample_1_sec_1198_face0.jpg,none,neutral,0.7995598912239075
track_384_sample_2_sec_1201_face0.jpg,none,neutral,0.8329456448554993
track_384_sample_3_sec_1204_face0.jpg,none,neutral,0.8083710670471191
track_385_sample_1_sec_1198_face0.jpg,none,neutral,0.463703453540802
track_385_sample_2_sec_1201_face0.jpg,none,neutral,0.6342918872833252
track_385_sample_3_sec_1203_face0.jpg,none,neutral,0.4730008840560913
track_387_sample_1_sec_1206_face0.jpg,none,neutral,0.5568962693214417
track_387_sample_3_sec_1209_face0.jpg,none,neutral,0.849301278591156
track_389_sample_1_sec_1208_face0.jpg,none,neutral,0.8747735023498535
track_391_sample_1_sec_1211_face0.jpg,none,neutral,0.9212290048599243
track_391_sample_3_sec_1232_face0.jpg,none,neutral,0.8470289707183838
track_405_sample_2_sec_1304_face0.jpg,none,neutral,0.8937327861785889
track_406_sample_1_sec_1303_face0.jpg,none,neutral,0.8454039692878723
track_412_sample_2_sec_1323_face0.jpg,none,neutral,0.49109870195388794
track_412_sample_3_sec_1327_face0.jpg,none,neutral,0.8813327550888062
track_414_sample_1_sec_1334_face0.jpg,none,neutral,0.34840863943099976
track_419_sample_1_sec_1342_face0.jpg,none,neutral,0.5055832266807556
track_421_sample_1_sec_1361_face0.jpg,none,neutral,0.8573510050773621
track_421_sample_2_sec_1362_face0.jpg,none,neutral,0.8671488165855408
track_421_sample_3_sec_1363_face0.jpg,none,neutral,0.6586687564849854
track_426_sample_2_sec_1374_face0.jpg,none,neutral,0.5507131814956665
track_427_sample_1_sec_1372_face0.jpg,none,neutral,0.8047196269035339
track_427_sample_2_sec_1378_face0.jpg,none,happiness,0.4808557331562042
track_427_sample_3_sec_1398_face0.jpg,none,neutral,0.9175851941108704
track_428_sample_2_sec_1384_face0.jpg,none,neutral,0.48109444975852966
track_428_sample_3_sec_1401_face0.jpg,none,neutral,0.8750361800193787
track_42_sample_1_sec_136_face0.jpg,none,neutral,0.7865469455718994
track_431_sample_1_sec_1389_face0.jpg,none,neutral,0.9128644466400146
track_431_sample_2_sec_1390_face0.jpg,none,neutral,0.9020835161209106
track_431_sample_3_sec_1391_face0.jpg,none,neutral,0.9008296132087708
track_434_sample_1_sec_1403_face0.jpg,none,neutral,0.9166673421859741
track_434_sample_2_sec_1407_face0.jpg,none,neutral,0.9173025488853455
track_434_sample_3_sec_1410_face0.jpg,none,neutral,0.8640177249908447
track_435_sample_1_sec_1412_face0.jpg,none,neutral,0.8634406328201294
track_435_sample_2_sec_1422_face0.jpg,none,neutral,0.9296638369560242
track_435_sample_3_sec_1431_face0.jpg,none,neutral,0.9065089225769043
track_436_sample_2_sec_1559_face0.jpg,none,neutral,0.5674355626106262
track_436_sample_3_sec_1575_face0.jpg,none,neutral,0.8872392773628235
track_437_sample_1_sec_1548_face0.jpg,none,neutral,0.9121934771537781
track_437_sample_2_sec_1561_face0.jpg,none,sadness,0.6312000751495361
track_437_sample_3_sec_1570_face0.jpg,none,neutral,0.9183207750320435
track_441_sample_1_sec_1580_face0.jpg,none,neutral,0.393756240606308
track_441_sample_2_sec_1587_face0.jpg,none,neutral,0.9085025191307068
track_442_sample_1_sec_1580_face0.jpg,none,neutral,0.8447470664978027
track_442_sample_2_sec_1590_face0.jpg,none,neutral,0.8928106427192688
track_442_sample_3_sec_1599_face0.jpg,none,happiness,0.6407811045646667
track_443_sample_1_sec_1600_face0.jpg,none,neutral,0.8873823285102844
track_443_sample_2_sec_1610_face0.jpg,none,neutral,0.8763176202774048
track_443_sample_2_sec_1610_face1.jpg,none,neutral,0.7907946705818176
track_443_sample_3_sec_1619_face0.jpg,none,neutral,0.8526051640510559
track_443_sample_3_sec_1619_face1.jpg,none,neutral,0.7825538516044617
track_444_sample_1_sec_1600_face0.jpg,none,neutral,0.8905286192893982
track_444_sample_2_sec_1610_face0.jpg,none,neutral,0.8445971608161926
track_444_sample_3_sec_1619_face0.jpg,none,neutral,0.8453450798988342
track_445_sample_1_sec_1614_face0.jpg,none,neutral,0.8409233093261719
track_445_sample_2_sec_1624_face0.jpg,none,neutral,0.8556300401687622
track_445_sample_3_sec_1667_face0.jpg,none,neutral,0.8400553464889526
track_447_sample_1_sec_1643_face0.jpg,none,neutral,0.8201781511306763
track_447_sample_2_sec_1653_face0.jpg,none,neutral,0.7928667664527893
track_447_sample_3_sec_1683_face0.jpg,none,neutral,0.8965473175048828
track_449_sample_1_sec_1660_face0.jpg,none,neutral,0.8956748247146606
track_449_sample_1_sec_1660_face1.jpg,none,neutral,0.45977380871772766
track_449_sample_2_sec_1674_face0.jpg,none,neutral,0.91019207239151
track_449_sample_3_sec_1704_face0.jpg,none,neutral,0.8800123929977417
track_450_sample_1_sec_1662_face0.jpg,none,neutral,0.8813886046409607
track_450_sample_1_sec_1662_face1.jpg,none,neutral,0.7084066271781921
track_450_sample_2_sec_1665_face0.jpg,none,neutral,0.8864560723304749
track_454_sample_1_sec_1731_face0.jpg,none,neutral,0.8849160075187683
track_454_sample_1_sec_1731_face1.jpg,none,neutral,0.8796007633209229
track_454_sample_2_sec_1750_face0.jpg,none,neutral,0.9052733778953552
track_454_sample_3_sec_1754_face0.jpg,none,neutral,0.9035683870315552
track_455_sample_1_sec_1731_face0.jpg,none,neutral,0.9043388962745667
track_455_sample_2_sec_1733_face0.jpg,none,neutral,0.8988088369369507
track_455_sample_3_sec_1734_face0.jpg,none,neutral,0.9183040261268616
track_456_sample_1_sec_1731_face0.jpg,none,neutral,0.9290748238563538
track_456_sample_2_sec_1733_face0.jpg,none,neutral,0.9209538698196411
track_456_sample_3_sec_1734_face0.jpg,none,neutral,0.9081992506980896
track_457_sample_1_sec_1731_face0.jpg,none,neutral,0.846119225025177
track_457_sample_2_sec_1733_face0.jpg,none,neutral,0.887509822845459
track_457_sample_3_sec_1734_face0.jpg,none,neutral,0.9126983880996704
track_458_sample_1_sec_1731_face0.jpg,none,neutral,0.6882673501968384
track_458_sample_2_sec_1733_face0.jpg,none,neutral,0.7894740700721741
track_458_sample_3_sec_1734_face0.jpg,none,neutral,0.7634047865867615
track_459_sample_1_sec_1731_face0.jpg,none,neutral,0.8520209193229675
track_459_sample_2_sec_1733_face0.jpg,none,neutral,0.8767681121826172
track_459_sample_3_sec_1734_face0.jpg,none,neutral,0.8212806582450867
track_460_sample_1_sec_1731_face0.jpg,none,neutral,0.6221975684165955
track_460_sample_2_sec_1733_face0.jpg,none,neutral,0.6513370871543884
track_460_sample_3_sec_1734_face0.jpg,none,neutral,0.8970070481300354
track_461_sample_1_sec_1731_face0.jpg,none,neutral,0.9218125939369202
track_461_sample_1_sec_1731_face1.jpg,none,neutral,0.8957659602165222
track_461_sample_2_sec_1733_face0.jpg,none,neutral,0.9272745847702026
track_461_sample_2_sec_1733_face1.jpg,none,neutral,0.8609215021133423
track_461_sample_3_sec_1734_face0.jpg,none,neutral,0.9148276448249817
track_461_sample_3_sec_1734_face1.jpg,none,neutral,0.8905370831489563
track_462_sample_1_sec_1731_face0.jpg,none,neutral,0.9136231541633606
track_462_sample_1_sec_1731_face1.jpg,none,sadness,0.6001413464546204
track_462_sample_2_sec_1733_face0.jpg,none,neutral,0.8890618681907654
track_462_sample_2_sec_1733_face1.jpg,none,neutral,0.4741620719432831
track_462_sample_3_sec_1734_face0.jpg,none,neutral,0.9068659543991089
track_462_sample_3_sec_1734_face1.jpg,none,sadness,0.7508267164230347
track_463_sample_1_sec_1731_face0.jpg,none,neutral,0.8063188791275024
track_463_sample_2_sec_1733_face0.jpg,none,neutral,0.8317152857780457
track_463_sample_3_sec_1734_face0.jpg,none,neutral,0.7702552676200867
track_464_sample_2_sec_1746_face0.jpg,none,neutral,0.7053604125976562
track_465_sample_1_sec_1738_face0.jpg,none,neutral,0.8564363121986389
track_465_sample_2_sec_1748_face0.jpg,none,neutral,0.7387658357620239
track_465_sample_3_sec_1757_face0.jpg,none,neutral,0.8529655337333679
track_467_sample_1_sec_1744_face0.jpg,none,neutral,0.9118850231170654
track_467_sample_2_sec_1768_face0.jpg,none,neutral,0.7759100794792175
track_467_sample_3_sec_1793_face0.jpg,none,neutral,0.7973741292953491
track_471_sample_1_sec_1768_face0.jpg,none,neutral,0.5839409828186035
track_476_sample_1_sec_1825_face0.jpg,none,neutral,0.6816356182098389
track_476_sample_1_sec_1825_face1.jpg,none,neutral,0.7507128715515137
track_476_sample_2_sec_1833_face0.jpg,none,neutral,0.7136044502258301
track_476_sample_2_sec_1833_face1.jpg,none,neutral,0.8763211369514465
track_476_sample_3_sec_1841_face0.jpg,none,neutral,0.770896852016449
track_476_sample_3_sec_1841_face1.jpg,none,neutral,0.7651818990707397
track_477_sample_1_sec_1825_face0.jpg,none,neutral,0.8730334043502808
track_477_sample_2_sec_1833_face0.jpg,none,neutral,0.8851040601730347
track_477_sample_2_sec_1833_face1.jpg,none,happiness,0.2266933023929596
track_477_sample_3_sec_1841_face0.jpg,none,neutral,0.7409586310386658
track_480_sample_1_sec_1843_face0.jpg,none,neutral,0.7659597992897034
track_480_sample_1_sec_1843_face1.jpg,none,neutral,0.8542214035987854
track_480_sample_2_sec_1853_face0.jpg,none,neutral,0.8116320967674255
track_480_sample_2_sec_1853_face1.jpg,none,neutral,0.7144486904144287
track_480_sample_3_sec_1862_face0.jpg,none,neutral,0.6406503319740295
track_480_sample_3_sec_1862_face1.jpg,none,neutral,0.6829630732536316
track_481_sample_1_sec_1843_face0.jpg,none,neutral,0.8990938663482666
track_481_sample_2_sec_1853_face0.jpg,none,neutral,0.8766576051712036
track_481_sample_3_sec_1862_face0.jpg,none,neutral,0.5321532487869263
track_482_sample_1_sec_1878_face0.jpg,none,neutral,0.8863841891288757
track_484_sample_1_sec_1880_face0.jpg,none,neutral,0.8678078055381775
track_485_sample_1_sec_1883_face0.jpg,none,neutral,0.7830925583839417
track_489_sample_2_sec_1899_face0.jpg,none,neutral,0.7571837902069092
track_489_sample_2_sec_1899_face1.jpg,none,neutral,0.7981475591659546
track_489_sample_3_sec_1941_face0.jpg,none,neutral,0.42392873764038086
track_490_sample_1_sec_1893_face0.jpg,none,neutral,0.24248966574668884
track_490_sample_2_sec_1903_face0.jpg,none,neutral,0.7424800992012024
track_490_sample_3_sec_1912_face0.jpg,none,neutral,0.35843878984451294
track_492_sample_1_sec_1902_face0.jpg,none,neutral,0.7233715653419495
track_492_sample_3_sec_1938_face0.jpg,none,neutral,0.47940656542778015
track_493_sample_1_sec_1902_face0.jpg,none,neutral,0.8398135900497437
track_494_sample_1_sec_1904_face0.jpg,none,neutral,0.7641595005989075
track_494_sample_2_sec_1908_face0.jpg,none,neutral,0.7780201435089111
track_494_sample_3_sec_1912_face0.jpg,none,neutral,0.7404479384422302
track_498_sample_1_sec_1924_face0.jpg,none,neutral,0.6929828524589539
track_498_sample_2_sec_1928_face0.jpg,none,neutral,0.8901243805885315
track_4_sample_1_sec_24_face0.jpg,none,neutral,0.9192705154418945
track_4_sample_2_sec_26_face0.jpg,none,neutral,0.8794977068901062
track_4_sample_3_sec_62_face0.jpg,none,neutral,0.8382958769798279
track_506_sample_1_sec_1936_face0.jpg,none,neutral,0.7320372462272644
track_506_sample_2_sec_1938_face0.jpg,none,neutral,0.7706611156463623
track_507_sample_1_sec_1937_face0.jpg,none,neutral,0.8365326523780823
track_507_sample_2_sec_1938_face0.jpg,none,neutral,0.811710774898529
track_509_sample_1_sec_1945_face0.jpg,none,neutral,0.9213189482688904
track_509_sample_2_sec_1954_face0.jpg,none,neutral,0.6919905543327332
track_509_sample_3_sec_1986_face0.jpg,none,happiness,0.8941435217857361
track_511_sample_1_sec_1970_face0.jpg,none,neutral,0.9276667237281799
track_511_sample_2_sec_1972_face0.jpg,none,neutral,0.9225425124168396
track_511_sample_3_sec_1974_face0.jpg,none,neutral,0.9259917140007019
track_512_sample_1_sec_1976_face0.jpg,none,neutral,0.3854908347129822
track_512_sample_2_sec_1989_face0.jpg,none,neutral,0.593964159488678
track_512_sample_3_sec_1998_face0.jpg,none,neutral,0.927230715751648
track_513_sample_3_sec_1998_face0.jpg,none,neutral,0.7700879573822021
track_516_sample_2_sec_1999_face0.jpg,none,neutral,0.9287053346633911
track_516_sample_3_sec_2019_face0.jpg,none,neutral,0.9280741810798645
track_517_sample_1_sec_2007_face0.jpg,none,neutral,0.880492627620697
track_517_sample_3_sec_2019_face0.jpg,none,neutral,0.6125995516777039
track_518_sample_1_sec_2021_face0.jpg,none,neutral,0.6841864585876465
track_518_sample_2_sec_2031_face0.jpg,none,neutral,0.8736055493354797
track_518_sample_3_sec_2040_face0.jpg,none,neutral,0.8199069499969482
track_519_sample_1_sec_2043_face0.jpg,none,neutral,0.6760587692260742
track_519_sample_2_sec_2053_face0.jpg,none,neutral,0.7679569721221924
track_520_sample_1_sec_2043_face0.jpg,none,neutral,0.6093754768371582
track_520_sample_2_sec_2053_face0.jpg,none,neutral,0.7350974082946777
track_520_sample_3_sec_2062_face0.jpg,none,neutral,0.5836730599403381
track_521_sample_1_sec_2046_face0.jpg,none,neutral,0.7310392260551453
track_521_sample_2_sec_2059_face0.jpg,none,neutral,0.8153208494186401
track_521_sample_3_sec_2062_face0.jpg,none,neutral,0.8895127773284912
track_522_sample_1_sec_2049_face0.jpg,none,neutral,0.5920856595039368
track_522_sample_3_sec_2057_face0.jpg,none,neutral,0.8458476066589355
track_523_sample_1_sec_2050_face0.jpg,none,neutral,0.7295863628387451
track_523_sample_1_sec_2050_face1.jpg,none,neutral,0.7161039710044861
track_523_sample_3_sec_2062_face0.jpg,none,neutral,0.5345776677131653
track_531_sample_1_sec_2067_face0.jpg,none,neutral,0.7282240390777588
track_531_sample_2_sec_2069_face0.jpg,none,neutral,0.7888378500938416
track_531_sample_3_sec_2070_face0.jpg,none,neutral,0.7329931855201721
track_532_sample_1_sec_2072_face0.jpg,none,neutral,0.7391876578330994
track_532_sample_2_sec_2077_face0.jpg,none,neutral,0.7980698347091675
track_532_sample_3_sec_2081_face0.jpg,none,neutral,0.7403453588485718
track_534_sample_1_sec_2080_face0.jpg,none,neutral,0.6759937405586243
track_534_sample_2_sec_2081_face0.jpg,none,neutral,0.8757894039154053
track_535_sample_1_sec_2083_face0.jpg,none,neutral,0.8132033348083496
track_535_sample_2_sec_2093_face0.jpg,none,neutral,0.9138970375061035
track_535_sample_3_sec_2102_face0.jpg,none,neutral,0.8691147565841675
track_536_sample_1_sec_2083_face0.jpg,none,neutral,0.5403613448143005
track_536_sample_2_sec_2093_face0.jpg,none,neutral,0.8513129353523254
track_536_sample_3_sec_2102_face0.jpg,none,sadness,0.4876998960971832
track_53_sample_1_sec_138_face0.jpg,none,neutral,0.8292027711868286
track_53_sample_2_sec_140_face0.jpg,none,neutral,0.8545555472373962
track_53_sample_3_sec_142_face0.jpg,none,neutral,0.8367287516593933
track_54_sample_3_sec_174_face0.jpg,none,neutral,0.5211442708969116
track_553_sample_1_sec_2108_face0.jpg,none,neutral,0.6261263489723206
track_553_sample_2_sec_2118_face0.jpg,none,sadness,0.43577274680137634
track_553_sample_3_sec_2127_face0.jpg,none,neutral,0.6618434190750122
track_554_sample_1_sec_2108_face0.jpg,none,sadness,0.5398839712142944
track_554_sample_2_sec_2118_face0.jpg,none,sadness,0.6826832294464111
track_554_sample_3_sec_2127_face0.jpg,none,sadness,0.8227307796478271
track_554_sample_3_sec_2127_face1.jpg,none,neutral,0.8398414254188538
track_557_sample_1_sec_2130_face0.jpg,none,happiness,0.7782328128814697
track_557_sample_2_sec_2140_face0.jpg,none,sadness,0.6952199935913086
track_557_sample_3_sec_2150_face0.jpg,none,neutral,0.8279182314872742
track_558_sample_1_sec_2132_face0.jpg,none,neutral,0.7699660062789917
track_55_sample_2_sec_161_face0.jpg,none,neutral,0.7141405940055847
track_55_sample_3_sec_170_face0.jpg,none,neutral,0.25475966930389404
track_562_sample_2_sec_2197_face0.jpg,none,neutral,0.8447549343109131
track_562_sample_3_sec_2202_face0.jpg,none,neutral,0.8545421361923218
track_563_sample_1_sec_2232_face0.jpg,none,neutral,0.9295864105224609
track_563_sample_2_sec_2265_face0.jpg,none,neutral,0.7931100130081177
track_563_sample_3_sec_2274_face0.jpg,none,neutral,0.9027456641197205
track_567_sample_2_sec_2245_face0.jpg,none,neutral,0.5862345099449158
track_567_sample_3_sec_2255_face0.jpg,none,neutral,0.8237383365631104
track_567_sample_3_sec_2255_face1.jpg,none,neutral,0.3588167428970337
track_569_sample_1_sec_2246_face0.jpg,none,neutral,0.7305237054824829
track_570_sample_3_sec_2259_face0.jpg,none,neutral,0.9183895587921143
track_573_sample_1_sec_2253_face0.jpg,none,neutral,0.6367964148521423
track_573_sample_2_sec_2255_face0.jpg,none,neutral,0.36839139461517334
track_573_sample_2_sec_2255_face1.jpg,none,neutral,0.5294907093048096
track_575_sample_1_sec_2259_face0.jpg,none,neutral,0.8113241195678711
track_575_sample_3_sec_2261_face0.jpg,none,neutral,0.9345280528068542
track_57_sample_1_sec_161_face0.jpg,none,neutral,0.45719394087791443
track_57_sample_3_sec_189_face0.jpg,none,neutral,0.8685869574546814
track_580_sample_2_sec_2324_face0.jpg,none,neutral,0.6640347242355347
track_584_sample_1_sec_2326_face0.jpg,none,neutral,0.7281844615936279
track_584_sample_2_sec_2333_face0.jpg,none,neutral,0.7705780267715454
track_584_sample_3_sec_2340_face0.jpg,none,neutral,0.671694278717041
track_585_sample_1_sec_2342_face0.jpg,none,neutral,0.7164328694343567
track_585_sample_2_sec_2347_face0.jpg,none,neutral,0.7943713665008545
track_585_sample_3_sec_2352_face0.jpg,none,neutral,0.7352381944656372
track_586_sample_1_sec_2354_face0.jpg,none,neutral,0.8272641897201538
track_586_sample_2_sec_2364_face0.jpg,none,neutral,0.9064160585403442
track_58_sample_3_sec_203_face0.jpg,none,neutral,0.4076422154903412
track_590_sample_1_sec_2391_face0.jpg,none,neutral,0.5198429822921753
track_590_sample_2_sec_2401_face0.jpg,none,neutral,0.7287282347679138
track_590_sample_3_sec_2410_face0.jpg,none,happiness,0.852104902267456
track_596_sample_1_sec_2502_face0.jpg,none,neutral,0.7486369013786316
track_598_sample_1_sec_2508_face0.jpg,none,neutral,0.8714808225631714
track_599_sample_1_sec_2509_face0.jpg,none,neutral,0.9077078104019165
track_599_sample_2_sec_2519_face0.jpg,none,neutral,0.8763349056243896
track_599_sample_2_sec_2519_face1.jpg,none,neutral,0.7861884832382202
track_5_sample_3_sec_33_face0.jpg,none,neutral,0.8341684937477112
track_602_sample_1_sec_2511_face0.jpg,none,neutral,0.6886135339736938
track_602_sample_1_sec_2511_face1.jpg,none,neutral,0.8762995600700378
track_602_sample_2_sec_2513_face0.jpg,none,neutral,0.9153198599815369
track_602_sample_2_sec_2513_face1.jpg,none,neutral,0.31472867727279663
track_604_sample_1_sec_2515_face0.jpg,none,happiness,0.8471466302871704
track_604_sample_1_sec_2515_face1.jpg,none,neutral,0.3689885437488556
track_604_sample_2_sec_2516_face0.jpg,none,happiness,0.8296942710876465
track_605_sample_1_sec_2518_face0.jpg,none,neutral,0.8932459950447083
track_606_sample_2_sec_2536_face0.jpg,none,neutral,0.887744665145874
track_607_sample_1_sec_2522_face0.jpg,none,neutral,0.8114925622940063
track_608_sample_1_sec_2522_face0.jpg,none,neutral,0.7951166033744812
track_608_sample_1_sec_2522_face1.jpg,none,neutral,0.4886322617530823
track_617_sample_1_sec_2569_face0.jpg,none,neutral,0.4898494482040405
track_618_sample_1_sec_2571_face0.jpg,none,neutral,0.5807124376296997
track_61_sample_1_sec_206_face0.jpg,none,neutral,0.6073684692382812
track_620_sample_1_sec_2680_face0.jpg,none,neutral,0.9237881302833557
track_620_sample_2_sec_2687_face0.jpg,none,neutral,0.927452564239502
track_622_sample_1_sec_2715_face0.jpg,none,neutral,0.6050059795379639
track_624_sample_1_sec_2733_face0.jpg,none,sadness,0.45798513293266296
track_624_sample_3_sec_2783_face0.jpg,none,neutral,0.6298525929450989
track_629_sample_1_sec_2746_face0.jpg,none,surprise,0.8076303601264954
track_62_sample_1_sec_212_face0.jpg,none,neutral,0.9298429489135742
track_62_sample_2_sec_226_face0.jpg,none,neutral,0.9271438121795654
track_62_sample_3_sec_244_face0.jpg,none,neutral,0.5893263220787048
track_631_sample_1_sec_2749_face0.jpg,none,neutral,0.9049416184425354
track_631_sample_2_sec_2763_face0.jpg,none,neutral,0.39019575715065
track_632_sample_1_sec_2749_face0.jpg,none,neutral,0.9186031818389893
track_632_sample_2_sec_2750_face0.jpg,none,neutral,0.8892009854316711
track_634_sample_1_sec_2766_face0.jpg,none,neutral,0.8228614330291748
track_634_sample_2_sec_2775_face0.jpg,none,neutral,0.7649738788604736
track_634_sample_3_sec_2783_face0.jpg,none,neutral,0.8565502166748047
track_638_sample_1_sec_2805_face0.jpg,none,neutral,0.8088486194610596
track_638_sample_3_sec_2810_face0.jpg,none,neutral,0.7239255905151367
track_63_sample_1_sec_229_face0.jpg,none,neutral,0.9157435894012451
track_63_sample_2_sec_233_face0.jpg,none,neutral,0.9340641498565674
track_63_sample_3_sec_239_face0.jpg,none,neutral,0.9184929728507996
track_642_sample_1_sec_2830_face0.jpg,none,neutral,0.859103262424469
track_642_sample_2_sec_2839_face0.jpg,none,neutral,0.8026027679443359
track_642_sample_3_sec_2848_face0.jpg,none,neutral,0.7456267476081848
track_644_sample_1_sec_2841_face0.jpg,none,neutral,0.8763132095336914
track_644_sample_2_sec_2843_face0.jpg,none,neutral,0.8727371096611023
track_647_sample_1_sec_2869_face0.jpg,none,neutral,0.941538393497467
track_647_sample_1_sec_2869_face1.jpg,none,neutral,0.45144620537757874
track_647_sample_2_sec_2873_face0.jpg,none,neutral,0.9404609799385071
track_647_sample_2_sec_2873_face1.jpg,none,neutral,0.81071537733078
track_647_sample_3_sec_2876_face0.jpg,none,neutral,0.9463267922401428
track_647_sample_3_sec_2876_face1.jpg,none,neutral,0.7458776831626892
track_649_sample_1_sec_2878_face0.jpg,none,neutral,0.8001503944396973
track_649_sample_2_sec_2889_face0.jpg,none,neutral,0.5877152681350708
track_649_sample_2_sec_2889_face1.jpg,none,neutral,0.39883366227149963
track_649_sample_3_sec_2898_face0.jpg,none,neutral,0.6944071650505066
track_650_sample_1_sec_2884_face0.jpg,none,neutral,0.5467994213104248
track_650_sample_1_sec_2884_face1.jpg,none,neutral,0.7531006932258606
track_650_sample_3_sec_2915_face0.jpg,none,neutral,0.571078360080719
track_653_sample_1_sec_2894_face0.jpg,none,neutral,0.5753797888755798
track_653_sample_2_sec_2910_face0.jpg,none,happiness,0.9158597588539124
track_653_sample_3_sec_2914_face0.jpg,none,happiness,0.8752619028091431
track_653_sample_3_sec_2914_face1.jpg,none,neutral,0.41046011447906494
track_659_sample_1_sec_2906_face0.jpg,none,sadness,0.36137816309928894
track_659_sample_1_sec_2906_face1.jpg,none,neutral,0.7291457653045654
track_659_sample_2_sec_2911_face0.jpg,none,neutral,0.44029662013053894
track_659_sample_3_sec_2915_face0.jpg,none,neutral,0.42357173562049866
track_65_sample_1_sec_237_face0.jpg,none,neutral,0.9148415923118591
track_662_sample_2_sec_2910_face0.jpg,none,neutral,0.4625638723373413
track_663_sample_1_sec_2907_face0.jpg,none,happiness,0.84874027967453
track_663_sample_2_sec_2912_face0.jpg,none,happiness,0.8787350058555603
track_663_sample_3_sec_2915_face0.jpg,none,happiness,0.871088445186615
track_663_sample_3_sec_2915_face1.jpg,none,neutral,0.5282704830169678
track_664_sample_1_sec_2917_face0.jpg,none,neutral,0.9142047166824341
track_664_sample_3_sec_2935_face0.jpg,none,neutral,0.6699689626693726
track_668_sample_2_sec_2943_face0.jpg,none,neutral,0.7592228651046753
track_668_sample_2_sec_2943_face1.jpg,none,neutral,0.7187967300415039
track_668_sample_3_sec_2956_face0.jpg,none,neutral,0.8848393559455872
track_670_sample_1_sec_2928_face0.jpg,none,neutral,0.3732057213783264
track_670_sample_2_sec_2932_face0.jpg,none,neutral,0.9161214232444763
track_670_sample_3_sec_2935_face0.jpg,none,neutral,0.9046367406845093
track_671_sample_1_sec_2940_face0.jpg,none,neutral,0.620844841003418
track_671_sample_3_sec_2946_face0.jpg,none,neutral,0.7470125555992126
track_672_sample_1_sec_2940_face0.jpg,none,neutral,0.9109507203102112
track_672_sample_2_sec_2943_face0.jpg,none,neutral,0.29470059275627136
track_672_sample_2_sec_2943_face1.jpg,none,neutral,0.6983901858329773
track_672_sample_2_sec_2943_face2.jpg,none,sadness,0.4874720871448517
track_672_sample_3_sec_2944_face0.jpg,none,neutral,0.7945141792297363
track_674_sample_1_sec_2948_face0.jpg,none,neutral,0.8654236793518066
track_674_sample_3_sec_2970_face0.jpg,none,neutral,0.42601078748703003
track_677_sample_1_sec_2960_face0.jpg,none,neutral,0.899243175983429
track_677_sample_2_sec_2961_face0.jpg,none,neutral,0.7949825525283813
track_679_sample_1_sec_2961_face0.jpg,none,sadness,0.6446047425270081
track_679_sample_2_sec_2971_face0.jpg,none,neutral,0.26222968101501465
track_679_sample_3_sec_2992_face0.jpg,none,neutral,0.9186117053031921
track_67_sample_1_sec_330_face0.jpg,none,neutral,0.8893172144889832
track_67_sample_2_sec_340_face0.jpg,none,neutral,0.8334303498268127
track_67_sample_3_sec_370_face0.jpg,none,neutral,0.3961153030395508
track_681_sample_1_sec_2980_face0.jpg,none,neutral,0.5348933339118958
track_681_sample_2_sec_2988_face0.jpg,none,neutral,0.4988957643508911
track_681_sample_3_sec_2995_face0.jpg,none,sadness,0.469941645860672
track_682_sample_1_sec_2980_face0.jpg,none,neutral,0.9165048003196716
track_682_sample_2_sec_2988_face0.jpg,none,neutral,0.8067707419395447
track_686_sample_3_sec_3032_face0.jpg,none,neutral,0.8958256244659424
track_688_sample_1_sec_3032_face0.jpg,none,neutral,0.924926221370697
track_688_sample_2_sec_3042_face0.jpg,none,neutral,0.898137629032135
track_692_sample_3_sec_3093_face0.jpg,none,neutral,0.9179397225379944
track_693_sample_1_sec_3085_face0.jpg,none,neutral,0.4888467788696289
track_693_sample_2_sec_3102_face0.jpg,none,neutral,0.9117777943611145
track_693_sample_3_sec_3111_face0.jpg,none,neutral,0.8999886512756348
track_695_sample_1_sec_3119_face0.jpg,none,happiness,0.720393717288971
track_697_sample_1_sec_3147_face0.jpg,none,neutral,0.8268413543701172
track_697_sample_2_sec_3158_face0.jpg,none,neutral,0.41374704241752625
track_698_sample_1_sec_3147_face0.jpg,none,neutral,0.728572428226471
track_702_sample_1_sec_3156_face0.jpg,none,neutral,0.5510098338127136
track_702_sample_2_sec_3166_face0.jpg,none,neutral,0.6223185062408447
track_702_sample_3_sec_3175_face0.jpg,none,neutral,0.6356543302536011
track_703_sample_1_sec_3158_face0.jpg,none,neutral,0.8402588963508606
track_703_sample_2_sec_3168_face0.jpg,none,neutral,0.5465399622917175
track_709_sample_1_sec_3170_face0.jpg,none,neutral,0.6348536610603333
track_709_sample_2_sec_3172_face0.jpg,none,neutral,0.5627883672714233
track_709_sample_3_sec_3173_face0.jpg,none,neutral,0.6875004172325134
track_710_sample_1_sec_3172_face0.jpg,none,neutral,0.5709140300750732
track_710_sample_1_sec_3172_face1.jpg,none,neutral,0.42574575543403625
track_710_sample_2_sec_3174_face0.jpg,none,sadness,0.6345463395118713
track_710_sample_3_sec_3176_face0.jpg,none,neutral,0.7645533680915833
track_713_sample_1_sec_3185_face0.jpg,none,neutral,0.8330022096633911
track_718_sample_1_sec_3199_face0.jpg,none,neutral,0.5038580894470215
track_718_sample_2_sec_3204_face0.jpg,none,sadness,0.46400344371795654
track_718_sample_3_sec_3208_face0.jpg,none,neutral,0.83820641040802
track_719_sample_1_sec_3210_face0.jpg,none,sadness,0.6577156782150269
track_719_sample_2_sec_3211_face0.jpg,none,neutral,0.442437082529068
track_724_sample_1_sec_3342_face0.jpg,none,neutral,0.6244087219238281
track_725_sample_1_sec_3344_face0.jpg,none,neutral,0.7785384058952332
track_726_sample_1_sec_3346_face0.jpg,none,neutral,0.7636491656303406
track_726_sample_2_sec_3347_face0.jpg,none,neutral,0.8835189938545227
track_727_sample_1_sec_3349_face0.jpg,none,sadness,0.7199102640151978
track_727_sample_2_sec_3359_face0.jpg,none,neutral,0.7473730444908142
track_727_sample_3_sec_3368_face0.jpg,none,sadness,0.35451632738113403
track_728_sample_1_sec_3350_face0.jpg,none,neutral,0.37873977422714233
track_728_sample_3_sec_3369_face0.jpg,none,neutral,0.31560245156288147
track_730_sample_1_sec_3402_face0.jpg,none,neutral,0.9062533378601074
track_730_sample_3_sec_3426_face0.jpg,none,neutral,0.30520060658454895
track_732_sample_1_sec_3405_face0.jpg,none,neutral,0.9295991659164429
track_732_sample_2_sec_3407_face0.jpg,none,neutral,0.9298182129859924
track_733_sample_1_sec_3410_face0.jpg,none,neutral,0.728360652923584
track_734_sample_1_sec_3411_face0.jpg,none,neutral,0.6877167224884033
track_734_sample_2_sec_3420_face0.jpg,none,neutral,0.8124460577964783
track_734_sample_3_sec_3428_face0.jpg,none,sadness,0.675543487071991
track_735_sample_1_sec_3412_face0.jpg,none,neutral,0.887213945388794
track_735_sample_2_sec_3415_face0.jpg,none,neutral,0.8853364586830139
track_735_sample_3_sec_3417_face0.jpg,none,neutral,0.9061242341995239
track_73_sample_1_sec_360_face0.jpg,none,neutral,0.9273498058319092
track_73_sample_2_sec_375_face0.jpg,none,neutral,0.8980773091316223
track_73_sample_3_sec_384_face0.jpg,none,neutral,0.9110696315765381
track_744_sample_1_sec_3437_face0.jpg,none,neutral,0.7179704308509827
track_747_sample_2_sec_3448_face0.jpg,none,neutral,0.6961867213249207
track_747_sample_3_sec_3456_face0.jpg,none,neutral,0.6081356406211853
track_749_sample_1_sec_3441_face0.jpg,none,neutral,0.5372759699821472
track_749_sample_2_sec_3451_face0.jpg,none,neutral,0.7421730160713196
track_749_sample_3_sec_3460_face0.jpg,none,neutral,0.7852469086647034
track_74_sample_1_sec_363_face0.jpg,none,neutral,0.6915538907051086
track_756_sample_2_sec_3506_face0.jpg,none,neutral,0.8601976633071899
track_757_sample_1_sec_3508_face0.jpg,none,neutral,0.8487671613693237
track_760_sample_1_sec_3519_face0.jpg,none,neutral,0.48067259788513184
track_760_sample_2_sec_3529_face0.jpg,none,neutral,0.533039927482605
track_761_sample_1_sec_3520_face0.jpg,none,neutral,0.8262240886688232
track_761_sample_2_sec_3530_face0.jpg,none,neutral,0.5823330283164978
track_761_sample_3_sec_3539_face0.jpg,none,neutral,0.8312721252441406
track_76_sample_1_sec_365_face0.jpg,none,neutral,0.3892332911491394
track_76_sample_1_sec_365_face1.jpg,none,neutral,0.49386098980903625
track_776_sample_1_sec_3561_face0.jpg,none,neutral,0.5217270851135254
track_781_sample_3_sec_3643_face0.jpg,none,neutral,0.8933125734329224
track_783_sample_1_sec_3617_face0.jpg,none,neutral,0.9195384383201599
track_784_sample_1_sec_3628_face0.jpg,none,neutral,0.8575298190116882
track_784_sample_2_sec_3638_face0.jpg,none,neutral,0.8684895038604736
track_784_sample_3_sec_3648_face0.jpg,none,neutral,0.9023009538650513
track_791_sample_2_sec_3660_face0.jpg,none,neutral,0.6992752552032471
track_792_sample_1_sec_3650_face0.jpg,none,neutral,0.7526918053627014
track_792_sample_2_sec_3660_face0.jpg,none,neutral,0.7831079959869385
track_792_sample_3_sec_3669_face0.jpg,none,neutral,0.35281261801719666
track_797_sample_1_sec_3671_face0.jpg,none,neutral,0.8628396987915039
track_797_sample_2_sec_3673_face0.jpg,none,neutral,0.8972791433334351
track_797_sample_3_sec_3675_face0.jpg,none,neutral,0.6382830142974854
track_799_sample_1_sec_3678_face0.jpg,none,neutral,0.625773549079895
track_801_sample_1_sec_3679_face0.jpg,none,neutral,0.911030650138855
track_801_sample_1_sec_3679_face1.jpg,none,neutral,0.5988308787345886
track_801_sample_2_sec_3680_face0.jpg,none,neutral,0.9112744927406311
track_801_sample_3_sec_3681_face0.jpg,none,neutral,0.7038787007331848
track_803_sample_1_sec_3679_face0.jpg,none,neutral,0.6265690922737122
track_811_sample_1_sec_3683_face0.jpg,none,neutral,0.8817893266677856
track_813_sample_3_sec_3725_face0.jpg,none,neutral,0.45139873027801514
track_818_sample_1_sec_3687_face0.jpg,none,neutral,0.7691084742546082
track_818_sample_2_sec_3713_face0.jpg,none,neutral,0.7840576171875
track_819_sample_1_sec_3687_face0.jpg,none,neutral,0.9051107168197632
track_819_sample_2_sec_3697_face0.jpg,none,neutral,0.9058095216751099
track_819_sample_3_sec_3706_face0.jpg,none,neutral,0.9119925498962402
track_81_sample_1_sec_367_face0.jpg,none,neutral,0.6560901999473572
track_81_sample_2_sec_377_face0.jpg,none,neutral,0.7554016709327698
track_81_sample_2_sec_377_face1.jpg,none,neutral,0.469461590051651
track_81_sample_3_sec_386_face0.jpg,none,neutral,0.8706142902374268
track_825_sample_1_sec_3690_face0.jpg,none,neutral,0.9234859943389893
track_827_sample_1_sec_3692_face0.jpg,none,neutral,0.7189685702323914
track_827_sample_2_sec_3702_face0.jpg,none,neutral,0.8745895028114319
track_827_sample_3_sec_3711_face0.jpg,none,neutral,0.7248267531394958
track_843_sample_1_sec_3744_face0.jpg,none,neutral,0.6405084133148193
track_843_sample_2_sec_3755_face0.jpg,none,neutral,0.9227803945541382
track_843_sample_3_sec_3764_face0.jpg,none,neutral,0.9219792485237122
track_84_sample_1_sec_370_face0.jpg,none,neutral,0.2911570072174072
track_84_sample_2_sec_380_face0.jpg,none,neutral,0.3454376459121704
track_84_sample_3_sec_389_face0.jpg,none,neutral,0.4080425798892975
track_866_sample_2_sec_3815_face0.jpg,none,neutral,0.5838795304298401
track_867_sample_1_sec_3829_face0.jpg,none,neutral,0.767672598361969
track_867_sample_2_sec_3839_face0.jpg,none,neutral,0.5681896209716797
track_868_sample_2_sec_3856_face0.jpg,none,neutral,0.6497037410736084
track_868_sample_3_sec_3868_face0.jpg,none,neutral,0.6997072100639343
track_869_sample_1_sec_3829_face0.jpg,none,neutral,0.7758646011352539
track_869_sample_2_sec_3839_face0.jpg,none,neutral,0.684396505355835
track_870_sample_2_sec_3839_face0.jpg,none,neutral,0.5363947153091431
track_870_sample_3_sec_3848_face0.jpg,none,neutral,0.7014729976654053
track_871_sample_1_sec_3829_face0.jpg,none,neutral,0.5800020694732666
track_874_sample_1_sec_3829_face0.jpg,none,neutral,0.5900017023086548
track_874_sample_2_sec_3839_face0.jpg,none,neutral,0.5602705478668213
track_875_sample_3_sec_3848_face0.jpg,none,neutral,0.7438185811042786
track_87_sample_1_sec_390_face0.jpg,none,neutral,0.8987419009208679
track_87_sample_1_sec_390_face1.jpg,none,neutral,0.502204418182373
track_87_sample_2_sec_399_face0.jpg,none,neutral,0.9080399870872498
track_87_sample_3_sec_404_face0.jpg,none,neutral,0.7134416699409485
track_886_sample_1_sec_3833_face0.jpg,none,neutral,0.6539945602416992
track_886_sample_2_sec_3842_face0.jpg,none,neutral,0.5389923453330994
track_886_sample_3_sec_3859_face0.jpg,none,neutral,0.7589716911315918
track_88_sample_1_sec_391_face0.jpg,none,neutral,0.4372619092464447
track_88_sample_2_sec_393_face0.jpg,none,neutral,0.5228468179702759
track_88_sample_3_sec_395_face0.jpg,none,neutral,0.6155319213867188
track_893_sample_1_sec_3835_face0.jpg,none,neutral,0.8052034378051758
track_89_sample_1_sec_392_face0.jpg,none,neutral,0.893710196018219
track_89_sample_1_sec_392_face1.jpg,none,neutral,0.4922204613685608
track_89_sample_2_sec_393_face0.jpg,none,neutral,0.8777395486831665
track_89_sample_2_sec_393_face1.jpg,none,neutral,0.5215094089508057
track_89_sample_3_sec_395_face0.jpg,none,neutral,0.9054210186004639
track_89_sample_3_sec_395_face1.jpg,none,neutral,0.3912743031978607
track_8_sample_2_sec_50_face0.jpg,none,neutral,0.8511638045310974
track_8_sample_3_sec_52_face0.jpg,none,neutral,0.7739310264587402
track_905_sample_3_sec_3873_face0.jpg,none,neutral,0.7431051731109619
track_907_sample_1_sec_3840_face0.jpg,none,neutral,0.6983999609947205
track_909_sample_1_sec_3841_face0.jpg,none,neutral,0.8068516254425049
track_909_sample_3_sec_3863_face0.jpg,none,neutral,0.7831073999404907
track_910_sample_2_sec_3844_face0.jpg,none,neutral,0.5468759536743164
track_916_sample_1_sec_3847_face0.jpg,none,neutral,0.6468645334243774
track_919_sample_2_sec_3856_face0.jpg,none,neutral,0.5358723998069763
track_932_sample_1_sec_3861_face0.jpg,none,neutral,0.7411419153213501
track_932_sample_1_sec_3861_face1.jpg,none,neutral,0.4699546694755554
track_932_sample_2_sec_3871_face0.jpg,none,neutral,0.7075492143630981
track_932_sample_3_sec_3880_face0.jpg,none,neutral,0.847977340221405
track_932_sample_3_sec_3880_face1.jpg,none,neutral,0.48973700404167175
track_93_sample_1_sec_406_face0.jpg,none,neutral,0.46908700466156006
track_93_sample_1_sec_406_face1.jpg,none,neutral,0.8741719126701355
track_93_sample_2_sec_411_face0.jpg,none,neutral,0.6666605472564697
track_93_sample_2_sec_411_face1.jpg,none,neutral,0.5855764150619507
track_93_sample_3_sec_416_face0.jpg,none,neutral,0.4320603907108307
track_93_sample_3_sec_416_face1.jpg,none,neutral,0.3867124319076538
track_93_sample_3_sec_416_face2.jpg,none,neutral,0.6598078012466431
track_93_sample_3_sec_416_face3.jpg,none,neutral,0.8613114953041077
track_942_sample_1_sec_3882_face0.jpg,none,neutral,0.8140192031860352
track_948_sample_1_sec_3884_face0.jpg,none,sadness,0.68408203125
track_948_sample_2_sec_3892_face0.jpg,none,sadness,0.7549454569816589
track_948_sample_3_sec_3900_face0.jpg,none,neutral,0.7374442219734192
track_949_sample_1_sec_3885_face0.jpg,none,neutral,0.8075884580612183
track_949_sample_2_sec_3894_face0.jpg,none,neutral,0.9020500183105469
track_949_sample_3_sec_3903_face0.jpg,none,neutral,0.4892445206642151
track_94_sample_1_sec_406_face0.jpg,none,neutral,0.8909461498260498
track_94_sample_1_sec_406_face1.jpg,none,neutral,0.7697519063949585
track_94_sample_1_sec_406_face2.jpg,none,neutral,0.4358054995536804
track_94_sample_2_sec_411_face0.jpg,none,neutral,0.7614065408706665
track_94_sample_2_sec_411_face1.jpg,none,neutral,0.3128807246685028
track_94_sample_2_sec_411_face2.jpg,none,neutral,0.6079481244087219
track_94_sample_3_sec_416_face0.jpg,none,neutral,0.6306892037391663
track_94_sample_3_sec_416_face1.jpg,none,neutral,0.7640031576156616
track_94_sample_3_sec_416_face2.jpg,none,neutral,0.44944822788238525
track_950_sample_1_sec_3885_face0.jpg,none,neutral,0.7249677181243896
track_958_sample_1_sec_3905_face0.jpg,none,neutral,0.887445330619812
track_958_sample_2_sec_3909_face0.jpg,none,neutral,0.905644953250885
track_959_sample_1_sec_3906_face0.jpg,none,neutral,0.9136343598365784
track_959_sample_3_sec_3923_face0.jpg,none,neutral,0.8773671984672546
track_95_sample_1_sec_406_face0.jpg,none,neutral,0.8689002394676208
track_95_sample_1_sec_406_face1.jpg,none,neutral,0.876732587814331
track_95_sample_2_sec_411_face0.jpg,none,neutral,0.7207044959068298
track_95_sample_2_sec_411_face1.jpg,none,neutral,0.5832403302192688
track_95_sample_3_sec_416_face0.jpg,none,neutral,0.8133459687232971
track_95_sample_3_sec_416_face1.jpg,none,neutral,0.6024806499481201
track_962_sample_1_sec_3908_face0.jpg,none,neutral,0.7452248334884644
track_964_sample_1_sec_3909_face0.jpg,none,neutral,0.8869260549545288
track_967_sample_2_sec_3938_face0.jpg,none,neutral,0.8288867473602295
track_967_sample_3_sec_3940_face0.jpg,none,neutral,0.9027319550514221
track_968_sample_1_sec_3916_face0.jpg,none,neutral,0.9050742387771606
track_96_sample_1_sec_406_face0.jpg,none,neutral,0.7895774841308594
track_96_sample_1_sec_406_face1.jpg,none,neutral,0.8968393206596375
track_96_sample_2_sec_411_face0.jpg,none,neutral,0.7719351649284363
track_96_sample_2_sec_411_face1.jpg,none,neutral,0.2868031859397888
track_96_sample_3_sec_416_face0.jpg,none,neutral,0.768718957901001
track_96_sample_3_sec_416_face1.jpg,none,neutral,0.8226911425590515
track_971_sample_1_sec_3917_face0.jpg,none,neutral,0.8897714614868164
track_971_sample_2_sec_3919_face0.jpg,none,neutral,0.8809400200843811
track_971_sample_3_sec_3921_face0.jpg,none,neutral,0.8399232029914856
track_972_sample_1_sec_3918_face0.jpg,none,neutral,0.8852778673171997
track_972_sample_2_sec_3921_face0.jpg,none,neutral,0.9118542671203613
track_972_sample_3_sec_3924_face0.jpg,none,neutral,0.9003732204437256
track_973_sample_1_sec_3918_face0.jpg,none,neutral,0.3839305639266968
track_976_sample_1_sec_3926_face0.jpg,none,neutral,0.8769471645355225
track_976_sample_2_sec_3932_face0.jpg,none,neutral,0.6970851421356201
track_976_sample_3_sec_3937_face0.jpg,none,neutral,0.808893620967865
track_977_sample_2_sec_3930_face0.jpg,none,neutral,0.6174251437187195
track_979_sample_1_sec_3942_face0.jpg,none,neutral,0.7252864241600037
track_979_sample_2_sec_3952_face0.jpg,none,sadness,0.726061224937439
track_979_sample_3_sec_3961_face0.jpg,none,neutral,0.9159778952598572
track_979_sample_3_sec_3961_face1.jpg,none,sadness,0.8342897295951843
track_97_sample_1_sec_418_face0.jpg,none,neutral,0.44267433881759644
track_97_sample_2_sec_422_face0.jpg,none,neutral,0.5901082754135132
track_97_sample_3_sec_425_face0.jpg,none,neutral,0.35151752829551697
track_984_sample_1_sec_3960_face0.jpg,none,neutral,0.9016861319541931
track_984_sample_2_sec_3968_face0.jpg,none,neutral,0.6829684972763062
track_984_sample_3_sec_3973_face0.jpg,none,neutral,0.8859328031539917
track_986_sample_1_sec_3980_face0.jpg,none,neutral,0.8031651973724365
track_986_sample_3_sec_4005_face0.jpg,none,neutral,0.48094841837882996
track_986_sample_3_sec_4005_face1.jpg,none,neutral,0.5490497350692749
track_987_sample_1_sec_3980_face0.jpg,none,neutral,0.878070056438446
track_987_sample_2_sec_3987_face0.jpg,none,neutral,0.8569983243942261
track_987_sample_3_sec_3993_face0.jpg,none,neutral,0.7231763005256653
track_98_sample_1_sec_418_face0.jpg,none,neutral,0.4131309688091278
track_98_sample_2_sec_422_face0.jpg,none,neutral,0.5415319800376892
track_990_sample_1_sec_3987_face0.jpg,none,neutral,0.5984708070755005
track_990_sample_3_sec_4001_face0.jpg,none,neutral,0.4324286878108978
track_992_sample_1_sec_3996_face0.jpg,none,neutral,0.6617435216903687
track_992_sample_2_sec_4001_face0.jpg,none,neutral,0.3333683907985687
track_992_sample_3_sec_4004_face0.jpg,none,neutral,0.6139839291572571
track_992_sample_3_sec_4004_face1.jpg,none,neutral,0.7325330972671509
track_996_sample_1_sec_4003_face0.jpg,none,neutral,0.7596876621246338
track_996_sample_2_sec_4004_face0.jpg,none,neutral,0.7271572351455688
track_997_sample_1_sec_4003_face0.jpg,none,happiness,0.48778843879699707
track_997_sample_1_sec_4003_face1.jpg,none,neutral,0.598464846611023
track_997_sample_1_sec_4003_face2.jpg,none,neutral,0.7431920170783997
track_997_sample_3_sec_4005_face0.jpg,none,neutral,0.663974404335022
track_997_sample_3_sec_4005_face1.jpg,none,neutral,0.795022189617157
track_9_sample_1_sec_50_face0.jpg,none,neutral,0.8155406713485718
track_9_sample_1_sec_50_face1.jpg,none,neutral,0.6920652985572815
track_9_sample_2_sec_51_face0.jpg,none,neutral,0.8298754692077637
track_9_sample_2_sec_51_face1.jpg,none,neutral,0.5960085391998291
