image,identity,score
track_971_sample_3_sec_3921_face0.jpg,ming,0.017968311089489375
track_1056_sample_1_sec_4198_face1.jpg,ming,0.31903952515001144
track_2_sample_2_sec_22_face0.jpg,ming,0.6708333026715243
track_9_sample_2_sec_51_face0.jpg,xiao,0.030099336715484037
track_512_sample_1_sec_1976_face0.jpg,ming,0.006456953995707115
track_1057_sample_3_sec_4216_face1.jpg,ming,0.025857147782389345
track_435_sample_2_sec_1422_face0.jpg,ming,0.28874528631807905
track_144_sample_1_sec_481_face0.jpg,ming,0.02422695301563793
track_481_sample_2_sec_1853_face0.jpg,xiao,0.21215539630751346
track_419_sample_1_sec_1342_face0.jpg,ming,0.01824450806350575
track_634_sample_2_sec_2775_face0.jpg,ming,0.06692735989973464
track_406_sample_1_sec_1303_face0.jpg,xiao,0.024411579641863024
track_647_sample_3_sec_2876_face1.jpg,ming,0.05261898068023829
track_1069_sample_1_sec_4198_face0.jpg,xiao,0.5752621746714683
track_1068_sample_3_sec_4216_face0.jpg,none,
track_1073_sample_2_sec_4208_face0.jpg,ming,0.02378707499862176
track_215_sample_2_sec_659_face0.jpg,ming,0.023209367607379683
track_647_sample_2_sec_2873_face0.jpg,none,
track_456_sample_2_sec_1733_face0.jpg,xiao,0.6772407538684754
track_1023_sample_1_sec_4062_face0.jpg,ming,0.016697020670203733
track_146_sample_2_sec_491_face1.jpg,ming,0.022000755010956885
track_211_sample_1_sec_535_face0.jpg,none,
track_1068_sample_2_sec_4207_face1.jpg,none,
track_702_sample_3_sec_3175_face0.jpg,ming,0.02788476545708407
track_154_sample_2_sec_487_face2.jpg,ming,0.007071610242906257
track_94_sample_1_sec_406_face0.jpg,ming,0.4997452911980249
track_585_sample_2_sec_2347_face0.jpg,none,
track_719_sample_1_sec_3210_face0.jpg,ming,0.020462034599833645
track_62_sample_2_sec_226_face0.jpg,xiao,0.30816475607291693
track_1032_sample_1_sec_4118_face0.jpg,ming,0.5967491581317045
track_1057_sample_2_sec_4207_face0.jpg,xiao,0.6729597274433736
track_580_sample_2_sec_2324_face0.jpg,ming,0.027838127712922822
track_81_sample_2_sec_377_face1.jpg,ming,0.01745354836317259
track_1067_sample_3_sec_4216_face4.jpg,xiao,0.20280032650550317
track_653_sample_2_sec_2910_face0.jpg,xiao,0.4801049574961993
track_461_sample_3_sec_1734_face0.jpg,xiao,0.672453375541245
track_535_sample_3_sec_2102_face0.jpg,xiao,0.5050857644277524
track_1039_sample_2_sec_4138_face1.jpg,xiao,0.4917270596908849
track_272_sample_2_sec_711_face0.jpg,xiao,0.04907096811788192
track_653_sample_1_sec_2894_face0.jpg,ming,0.05539279154046528
track_976_sample_1_sec_3926_face0.jpg,none,
track_792_sample_1_sec_3650_face0.jpg,ming,0.020963779940764704
track_1039_sample_2_sec_4138_face0.jpg,ming,0.03487560646987675
track_598_sample_1_sec_2508_face0.jpg,xiao,0.6785100037873704
track_461_sample_3_sec_1734_face1.jpg,xiao,0.033334050341406574
track_535_sample_1_sec_2083_face0.jpg,xiao,0.6117755660717101
track_81_sample_2_sec_377_face0.jpg,ming,0.029726968468400727
track_29_sample_1_sec_135_face0.jpg,ming,0.014681970825406787
track_569_sample_1_sec_2246_face0.jpg,ming,0.019695974143473016
track_1057_sample_2_sec_4207_face1.jpg,ming,0.022367412503925932
track_554_sample_2_sec_2118_face0.jpg,ming,0.6291834439411361
track_703_sample_2_sec_3168_face0.jpg,ming,0.028514352756419892
track_281_sample_1_sec_929_face0.jpg,ming,0.04350748259482995
track_990_sample_3_sec_4001_face0.jpg,ming,0.0350705223693224
track_942_sample_1_sec_3882_face0.jpg,xiao,0.024789808062064544
track_516_sample_3_sec_2019_face0.jpg,ming,0.015400937604950982
track_94_sample_1_sec_406_face1.jpg,xiao,0.03825771576563808
track_212_sample_3_sec_583_face0.jpg,none,
track_1068_sample_2_sec_4207_face0.jpg,xiao,0.5878622687405508
track_464_sample_2_sec_1746_face0.jpg,ming,0.021923633552498267
track_146_sample_2_sec_491_face0.jpg,ming,0.027680007462831613
track_647_sample_2_sec_2873_face1.jpg,ming,0.057960412065529376
track_387_sample_3_sec_1209_face0.jpg,ming,0.020101207490594852
track_606_sample_2_sec_2536_face0.jpg,ming,0.526910601859038
track_370_sample_1_sec_1101_face0.jpg,ming,0.022239957054891235
track_1068_sample_3_sec_4216_face1.jpg,none,
track_870_sample_2_sec_3839_face0.jpg,ming,0.01409655814876476
track_134_sample_1_sec_474_face0.jpg,xiao,0.6515980417873969
track_1069_sample_1_sec_4198_face1.jpg,xiao,0.6138776600577207
track_647_sample_3_sec_2876_face0.jpg,none,
track_948_sample_1_sec_3884_face0.jpg,xiao,0.11996630501536842
track_436_sample_2_sec_1559_face0.jpg,ming,0.6200848002179916
track_1108_sample_1_sec_4295_face0.jpg,ming,0.023180773989457948
track_1070_sample_1_sec_4198_face4.jpg,xiao,0.31380352965454317
track_670_sample_1_sec_2928_face0.jpg,ming,0.007485917522182972
track_1057_sample_3_sec_4216_face0.jpg,none,
track_9_sample_2_sec_51_face1.jpg,ming,0.021745552574074622
track_1067_sample_2_sec_4207_face4.jpg,xiao,0.6350823941253763
track_290_sample_2_sec_1075_face0.jpg,ming,0.018016695139436156
track_1056_sample_1_sec_4198_face0.jpg,none,
track_531_sample_3_sec_2070_face0.jpg,ming,0.02496680759218539
track_979_sample_3_sec_3961_face1.jpg,ming,0.6239040732675906
track_1056_sample_1_sec_4198_face2.jpg,ming,0.023227688175213368
track_1052_sample_2_sec_4207_face0.jpg,xiao,0.5550092377735086
track_1057_sample_3_sec_4216_face2.jpg,ming,0.03174215984858486
track_997_sample_3_sec_4005_face1.jpg,ming,0.022089826489621545
track_604_sample_1_sec_2515_face0.jpg,xiao,0.15317369746458498
track_575_sample_1_sec_2259_face0.jpg,ming,0.018964025560557984
track_367_sample_1_sec_1100_face0.jpg,ming,0.0167726772059531
track_682_sample_2_sec_2988_face0.jpg,ming,0.018602948373827033
track_480_sample_3_sec_1862_face0.jpg,xiao,0.4513953312040361
track_1069_sample_1_sec_4198_face3.jpg,xiao,0.6021917781163972
track_159_sample_1_sec_487_face1.jpg,xiao,0.5288364741646175
track_1068_sample_3_sec_4216_face3.jpg,xiao,0.41258322969987815
track_797_sample_1_sec_3671_face0.jpg,xiao,0.12001065989257398
track_454_sample_1_sec_1731_face0.jpg,none,
track_1086_sample_3_sec_4266_face0.jpg,ming,0.017340414118295566
track_784_sample_2_sec_3638_face0.jpg,ming,0.024153292252819702
track_1068_sample_2_sec_4207_face2.jpg,none,
track_154_sample_2_sec_487_face1.jpg,ming,0.018665196488673708
track_971_sample_1_sec_3917_face0.jpg,ming,0.046781908490917234
track_972_sample_3_sec_3924_face0.jpg,ming,0.03854599423489036
track_761_sample_1_sec_3520_face0.jpg,xiao,0.024383035435372014
track_747_sample_3_sec_3456_face0.jpg,ming,0.028772699615639996
track_531_sample_1_sec_2067_face0.jpg,ming,0.029139176388479404
track_450_sample_1_sec_1662_face0.jpg,xiao,0.4229705103647573
track_1039_sample_2_sec_4138_face2.jpg,ming,0.16339115442475838
track_4_sample_3_sec_62_face0.jpg,xiao,-2.220446049250313e-16
track_450_sample_1_sec_1662_face1.jpg,ming,0.022755638044591464
track_732_sample_2_sec_3407_face0.jpg,xiao,0.31371960175151836
track_949_sample_1_sec_3885_face0.jpg,ming,0.02366014321256138
track_1098_sample_2_sec_4289_face0.jpg,ming,0.015074300533513774
track_428_sample_3_sec_1401_face0.jpg,ming,0.4571739023732285
track_1053_sample_1_sec_4198_face0.jpg,xiao,0.6498925021163926
track_760_sample_1_sec_3519_face0.jpg,ming,0.02560329953149265
track_1057_sample_2_sec_4207_face2.jpg,ming,0.03220714124278068
track_1052_sample_3_sec_4216_face0.jpg,ming,0.353654005132334
track_866_sample_2_sec_3815_face0.jpg,ming,0.015921482069649828
track_154_sample_2_sec_487_face0.jpg,ming,0.005783370912754937
track_94_sample_1_sec_406_face2.jpg,ming,0.005011670791641443
track_1068_sample_2_sec_4207_face3.jpg,xiao,0.5438583665929027
track_972_sample_2_sec_3921_face0.jpg,ming,0.026794944779361174
track_1004_sample_1_sec_4027_face0.jpg,ming,0.3435749482957322
track_843_sample_2_sec_3755_face0.jpg,ming,0.01394412974671766
track_454_sample_1_sec_1731_face1.jpg,xiao,0.6785429547994306
track_509_sample_3_sec_1986_face0.jpg,xiao,0.35137137302101384
track_1068_sample_3_sec_4216_face2.jpg,none,
track_53_sample_2_sec_140_face0.jpg,xiao,0.0
track_159_sample_1_sec_487_face0.jpg,none,
track_596_sample_1_sec_2502_face0.jpg,ming,0.026886874014101947
track_599_sample_1_sec_2509_face0.jpg,xiao,0.3861474307875603
track_644_sample_2_sec_2843_face0.jpg,ming,0.0243003498030252
track_1069_sample_1_sec_4198_face2.jpg,none,
track_480_sample_3_sec_1862_face1.jpg,ming,0.2168608170448978
track_668_sample_3_sec_2956_face0.jpg,ming,0.029876536935316556
track_604_sample_1_sec_2515_face1.jpg,ming,0.023492664124195595
track_42_sample_1_sec_136_face0.jpg,ming,0.014021158180685056
track_997_sample_3_sec_4005_face0.jpg,ming,0.02218359167414219
track_516_sample_2_sec_1999_face0.jpg,ming,0.018864272363006696
track_979_sample_3_sec_3961_face0.jpg,ming,0.4653638378490238
track_1076_sample_3_sec_4263_face0.jpg,ming,0.3697287289509774
track_1056_sample_1_sec_4198_face3.jpg,ming,0.6465630409806506
track_211_sample_2_sec_545_face0.jpg,ming,0.07943094338347079
track_1070_sample_1_sec_4198_face3.jpg,none,
track_1077_sample_3_sec_4264_face0.jpg,ming,0.016662390409019623
track_1086_sample_1_sec_4263_face0.jpg,ming,0.01312545572260193
track_494_sample_1_sec_1904_face0.jpg,ming,0.03173326325416259
track_1063_sample_1_sec_4198_face1.jpg,none,
track_1067_sample_2_sec_4207_face3.jpg,xiao,0.655049012002183
track_1062_sample_3_sec_4216_face1.jpg,xiao,0.6189106931218713
track_106_sample_2_sec_431_face0.jpg,none,
track_23_sample_2_sec_119_face1.jpg,ming,0.02260223849710774
track_1074_sample_2_sec_4207_face1.jpg,none,
track_1071_sample_3_sec_4216_face3.jpg,none,
track_553_sample_3_sec_2127_face0.jpg,ming,0.6187025870404503
track_1039_sample_3_sec_4141_face1.jpg,ming,0.2834330201358828
track_447_sample_3_sec_1683_face0.jpg,none,
track_97_sample_2_sec_422_face0.jpg,ming,0.020887718696048996
track_272_sample_1_sec_710_face0.jpg,ming,0.006316704585537458
track_58_sample_3_sec_203_face0.jpg,ming,0.014579577753615958
track_553_sample_1_sec_2108_face0.jpg,xiao,0.5956221532883752
track_63_sample_2_sec_233_face0.jpg,xiao,0.25913635033109084
track_1039_sample_1_sec_4135_face0.jpg,none,
track_118_sample_1_sec_462_face0.jpg,ming,0.0066138824888830605
track_463_sample_2_sec_1733_face0.jpg,ming,0.02310054225389868
track_932_sample_2_sec_3871_face0.jpg,ming,0.017941994426667218
track_1033_sample_1_sec_4133_face0.jpg,xiao,0.6646306592533688
track_147_sample_1_sec_483_face0.jpg,ming,0.023170218005219567
track_818_sample_1_sec_3687_face0.jpg,ming,0.017388473837326446
track_659_sample_3_sec_2915_face0.jpg,ming,0.035415775439665786
track_108_sample_2_sec_432_face0.jpg,ming,0.019682134259721096
track_1067_sample_3_sec_4216_face2.jpg,none,
track_1062_sample_2_sec_4207_face0.jpg,none,
track_96_sample_3_sec_416_face1.jpg,ming,0.013565683649694238
track_274_sample_3_sec_767_face1.jpg,ming,0.020972422931187396
track_1074_sample_3_sec_4216_face0.jpg,none,
track_1071_sample_2_sec_4207_face2.jpg,xiao,0.6691907847758083
track_1117_sample_3_sec_4308_face0.jpg,ming,0.019340148645993427
track_292_sample_1_sec_1050_face2.jpg,ming,0.007862838134657713
track_1040_sample_1_sec_4139_face1.jpg,ming,0.007062118500221093
track_1066_sample_1_sec_4198_face2.jpg,ming,0.009054230022350174
track_617_sample_1_sec_2569_face0.jpg,xiao,0.027701097036773592
track_210_sample_2_sec_506_face0.jpg,ming,0.5666342999583663
track_210_sample_2_sec_506_face1.jpg,ming,0.4395048111221035
track_444_sample_3_sec_1619_face0.jpg,ming,0.16578342734771012
track_1040_sample_1_sec_4139_face0.jpg,none,
track_274_sample_3_sec_767_face0.jpg,none,
track_96_sample_3_sec_416_face0.jpg,xiao,0.019518794245997007
track_1117_sample_1_sec_4306_face0.jpg,ming,0.02301907170614037
track_1071_sample_2_sec_4207_face3.jpg,xiao,0.48081705886498416
track_1074_sample_3_sec_4216_face1.jpg,xiao,0.6783074297232546
track_1062_sample_2_sec_4207_face1.jpg,xiao,0.47734259697693715
track_1067_sample_3_sec_4216_face3.jpg,none,
track_1098_sample_1_sec_4275_face0.jpg,ming,0.014604610033429166
track_120_sample_1_sec_471_face0.jpg,xiao,0.5654486878579289
track_950_sample_1_sec_3885_face0.jpg,ming,0.019976895082771562
track_1006_sample_3_sec_4048_face0.jpg,none,
track_273_sample_2_sec_731_face0.jpg,ming,0.019816207155462173
track_147_sample_1_sec_483_face1.jpg,ming,0.024481782355206927
track_642_sample_3_sec_2848_face0.jpg,none,
track_62_sample_1_sec_212_face0.jpg,xiao,0.0
track_1058_sample_3_sec_4216_face2.jpg,ming,0.6141316049529347
track_1033_sample_1_sec_4133_face1.jpg,xiao,0.6308987925847289
track_791_sample_2_sec_3660_face0.jpg,ming,0.019091839135303657
track_275_sample_1_sec_754_face0.jpg,ming,0.03303083674315366
track_272_sample_1_sec_710_face1.jpg,ming,0.014663546695757645
track_973_sample_1_sec_3918_face0.jpg,ming,0.015947566285326453
track_119_sample_1_sec_471_face0.jpg,xiao,0.30970748978896645
track_507_sample_1_sec_1937_face0.jpg,ming,0.02975512536480751
track_1039_sample_3_sec_4141_face0.jpg,ming,0.04562439168388077
track_1071_sample_3_sec_4216_face2.jpg,none,
track_1074_sample_2_sec_4207_face0.jpg,xiao,0.6659373453613252
track_23_sample_2_sec_119_face0.jpg,ming,0.026784064403253427
track_1062_sample_3_sec_4216_face0.jpg,none,
track_1067_sample_2_sec_4207_face2.jpg,xiao,0.16085602209602257
track_868_sample_2_sec_3856_face0.jpg,ming,0.016233570764510596
track_1032_sample_3_sec_4131_face0.jpg,ming,0.5756565215931706
track_1063_sample_1_sec_4198_face0.jpg,xiao,0.6604300018761663
track_1070_sample_1_sec_4198_face2.jpg,xiao,0.5887854319744863
track_681_sample_1_sec_2980_face0.jpg,xiao,0.5029524090118458
track_324_sample_1_sec_1074_face0.jpg,ming,0.0312745247561409
track_1070_sample_1_sec_4198_face0.jpg,xiao,0.6036671444916861
track_984_sample_2_sec_3968_face0.jpg,none,
track_1071_sample_3_sec_4216_face0.jpg,ming,0.07142621235604807
track_18_sample_1_sec_110_face0.jpg,ming,0.02476306451559629
track_1062_sample_3_sec_4216_face2.jpg,xiao,0.6746635302044804
track_1067_sample_2_sec_4207_face0.jpg,xiao,0.5862929521136185
track_133_sample_1_sec_474_face0.jpg,xiao,0.2921691764800769
track_663_sample_3_sec_2915_face1.jpg,ming,0.016961722041218263
track_1039_sample_3_sec_4141_face2.jpg,ming,0.01020354409174462
track_87_sample_3_sec_404_face0.jpg,ming,0.5580546810457605
track_23_sample_1_sec_113_face0.jpg,ming,0.019036534872459043
track_273_sample_3_sec_740_face0.jpg,none,
track_170_sample_3_sec_503_face0.jpg,ming,0.01163052378115137
track_1036_sample_1_sec_4133_face0.jpg,xiao,0.6133410874885408
track_461_sample_1_sec_1731_face0.jpg,none,
track_1036_sample_2_sec_4138_face0.jpg,xiao,0.48683611234713164
track_81_sample_3_sec_386_face0.jpg,xiao,0.04642212364882414
track_490_sample_2_sec_1903_face0.jpg,ming,0.025606692995198466
track_695_sample_1_sec_3119_face0.jpg,ming,0.022796211712412418
track_1074_sample_1_sec_4199_face0.jpg,xiao,0.676780862831545
track_1098_sample_3_sec_4305_face1.jpg,ming,0.015388086425796588
track_1058_sample_3_sec_4216_face0.jpg,xiao,0.031494581000504396
track_21_sample_1_sec_110_face0.jpg,ming,0.026360182280442346
track_1059_sample_1_sec_4198_face0.jpg,ming,0.6103487288574213
track_13_sample_3_sec_84_face0.jpg,ming,0.03736413081575263
track_287_sample_2_sec_1053_face0.jpg,ming,0.02719732117279061
track_976_sample_2_sec_3932_face0.jpg,xiao,0.05875951414228131
track_490_sample_1_sec_1893_face0.jpg,ming,0.0096732340761303
track_476_sample_1_sec_1825_face0.jpg,ming,0.021855284919292783
track_15_sample_2_sec_86_face0.jpg,ming,0.025465466126991188
track_1124_sample_3_sec_4333_face0.jpg,ming,0.017451974580210527
track_886_sample_3_sec_3859_face0.jpg,ming,0.015974724280059305
track_713_sample_1_sec_3185_face0.jpg,xiao,0.19782190376999453
track_1071_sample_2_sec_4207_face1.jpg,xiao,0.6197653951374656
track_803_sample_1_sec_3679_face0.jpg,ming,0.01991567471047273
track_962_sample_1_sec_3908_face0.jpg,ming,0.37899427591886303
track_274_sample_3_sec_767_face2.jpg,ming,0.035635853888147384
track_519_sample_2_sec_2053_face0.jpg,ming,0.01833702421887129
track_1067_sample_3_sec_4216_face1.jpg,xiao,0.6656403646233957
track_93_sample_1_sec_406_face1.jpg,ming,0.05660471880978668
track_1066_sample_1_sec_4198_face1.jpg,none,
track_1040_sample_1_sec_4139_face2.jpg,ming,0.10498805358438124
track_292_sample_1_sec_1050_face1.jpg,ming,0.009057571066814707
track_522_sample_3_sec_2057_face0.jpg,ming,0.025024079491799966
track_686_sample_3_sec_3032_face0.jpg,ming,0.025026250448714316
track_518_sample_2_sec_2031_face0.jpg,ming,0.027834535655815618
track_459_sample_2_sec_1733_face0.jpg,xiao,0.3665054470602851
track_557_sample_2_sec_2140_face0.jpg,xiao,0.6430015745740607
track_292_sample_1_sec_1050_face0.jpg,ming,0.012423042832288345
track_285_sample_1_sec_957_face0.jpg,ming,0.017393697791409646
track_1066_sample_1_sec_4198_face0.jpg,xiao,0.628799961753445
track_93_sample_1_sec_406_face0.jpg,ming,0.011906890439181028
track_1067_sample_3_sec_4216_face0.jpg,ming,0.6133613390176127
track_1062_sample_2_sec_4207_face2.jpg,xiao,0.6772630951388683
track_1071_sample_2_sec_4207_face0.jpg,ming,0.02323863053698838
track_112_sample_2_sec_451_face0.jpg,xiao,0.022954668774160192
track_476_sample_1_sec_1825_face1.jpg,ming,0.02375298409472948
track_1050_sample_2_sec_4175_face0.jpg,xiao,0.034223679382459626
track_287_sample_2_sec_1053_face1.jpg,ming,0.018190834208941742
track_490_sample_3_sec_1912_face0.jpg,ming,0.022931322520732378
track_13_sample_3_sec_84_face1.jpg,ming,0.02140398522604714
track_1059_sample_1_sec_4198_face1.jpg,xiao,0.6572929830857978
track_1033_sample_1_sec_4133_face2.jpg,ming,0.01733832515974676
track_21_sample_2_sec_117_face0.jpg,ming,0.004608511492684486
track_976_sample_3_sec_3937_face0.jpg,xiao,0.6745493924367725
track_506_sample_1_sec_1936_face0.jpg,ming,0.027874224804571135
track_1058_sample_3_sec_4216_face1.jpg,none,
track_1098_sample_3_sec_4305_face0.jpg,ming,0.015994608528628773
track_1074_sample_1_sec_4199_face1.jpg,none,
track_421_sample_1_sec_1361_face0.jpg,ming,0.5736518652152273
track_316_sample_2_sec_1070_face0.jpg,ming,0.02019091610117507
track_958_sample_1_sec_3905_face0.jpg,ming,0.015656577566954488
track_1036_sample_2_sec_4138_face1.jpg,none,
track_365_sample_1_sec_1099_face0.jpg,ming,0.01986646627453381
track_461_sample_1_sec_1731_face1.jpg,xiao,0.025054902776311172
track_1039_sample_1_sec_4135_face2.jpg,xiao,0.0769270166172582
track_1069_sample_1_sec_4198_face4.jpg,ming,0.009251050195205557
track_279_sample_3_sec_785_face0.jpg,ming,0.023194629692931068
track_23_sample_1_sec_113_face1.jpg,ming,0.016739652172186537
track_18_sample_3_sec_124_face0.jpg,xiao,0.1426523249176721
track_663_sample_3_sec_2915_face0.jpg,xiao,0.4980673482100916
track_4_sample_1_sec_24_face0.jpg,xiao,0.028466669076682827
track_1067_sample_2_sec_4207_face1.jpg,none,
track_1071_sample_3_sec_4216_face1.jpg,xiao,0.6762089661388024
track_869_sample_2_sec_3839_face0.jpg,ming,0.020970955185479312
track_2_sample_1_sec_12_face0.jpg,ming,0.6350311383635969
track_1070_sample_1_sec_4198_face1.jpg,none,
track_18_sample_2_sec_117_face0.jpg,xiao,0.025227381975596153
track_481_sample_3_sec_1862_face0.jpg,xiao,0.3340833289849383
track_886_sample_1_sec_3833_face0.jpg,ming,0.017354272787566294
track_146_sample_1_sec_483_face0.jpg,ming,0.020339206617636996
track_825_sample_1_sec_3690_face0.jpg,ming,0.0
track_1056_sample_3_sec_4216_face2.jpg,ming,0.10541248177592533
track_1053_sample_2_sec_4207_face0.jpg,none,
track_649_sample_3_sec_2898_face0.jpg,xiao,0.01810043076529022
track_121_sample_2_sec_476_face0.jpg,ming,0.026574891998591088
track_520_sample_1_sec_2043_face0.jpg,xiao,0.022178160803841274
track_489_sample_2_sec_1899_face0.jpg,ming,0.0215268431653719
track_225_sample_2_sec_699_face0.jpg,ming,0.008769909917173968
track_992_sample_3_sec_4004_face1.jpg,ming,0.0135189953593291
track_455_sample_1_sec_1731_face0.jpg,ming,0.37297706650251505
track_1012_sample_1_sec_4045_face0.jpg,ming,0.02116208249062057
track_698_sample_1_sec_3147_face0.jpg,xiao,0.028454507416549535
track_653_sample_3_sec_2914_face1.jpg,ming,0.01871572560088941
track_447_sample_1_sec_1643_face0.jpg,none,
track_76_sample_1_sec_365_face0.jpg,ming,0.01914796015129905
track_1069_sample_3_sec_4216_face3.jpg,xiao,0.6443825607668344
track_886_sample_2_sec_3842_face0.jpg,ming,0.017444345874157663
track_916_sample_1_sec_3847_face0.jpg,ming,0.012429492674519205
track_450_sample_2_sec_1665_face0.jpg,ming,0.3847644486003612
track_210_sample_3_sec_507_face0.jpg,none,
track_1068_sample_1_sec_4198_face3.jpg,xiao,0.5347401105827083
track_801_sample_2_sec_3680_face0.jpg,ming,0.03366280906156194
track_992_sample_2_sec_4001_face0.jpg,ming,0.007986039527575928
track_1035_sample_3_sec_4145_face0.jpg,ming,0.02350898536855972
track_284_sample_2_sec_949_face0.jpg,ming,0.02021320584069053
track_437_sample_2_sec_1561_face0.jpg,ming,0.48857739913431375
track_638_sample_3_sec_2810_face0.jpg,ming,0.03176448159010192
track_1069_sample_2_sec_4207_face2.jpg,none,
track_984_sample_3_sec_3973_face0.jpg,none,
track_649_sample_2_sec_2889_face1.jpg,ming,0.011000372602602448
track_387_sample_1_sec_1206_face0.jpg,ming,0.022039285493557603
track_1056_sample_2_sec_4207_face3.jpg,none,
track_1053_sample_3_sec_4216_face0.jpg,none,
track_1056_sample_2_sec_4207_face2.jpg,xiao,0.34372873005506677
track_728_sample_1_sec_3350_face0.jpg,ming,0.018979327501481458
track_649_sample_2_sec_2889_face0.jpg,ming,0.024067568747275003
track_55_sample_2_sec_161_face0.jpg,ming,0.017305725375014958
track_1052_sample_1_sec_4198_face0.jpg,xiao,0.5938566585487086
track_734_sample_1_sec_3411_face0.jpg,ming,0.022382910115627208
track_632_sample_2_sec_2750_face0.jpg,xiao,0.14168259382452753
track_73_sample_3_sec_384_face0.jpg,ming,0.5774222633982026
track_979_sample_1_sec_3942_face0.jpg,ming,0.27776169361644565
track_162_sample_1_sec_488_face0.jpg,ming,0.023504208088374168
track_275_sample_3_sec_773_face0.jpg,ming,0.012803117066455427
track_874_sample_2_sec_3839_face0.jpg,ming,0.012622448917050888
track_1069_sample_2_sec_4207_face3.jpg,none,
track_783_sample_1_sec_3617_face0.jpg,ming,0.14002332733647294
track_1068_sample_1_sec_4198_face2.jpg,xiao,0.6756786934475888
track_709_sample_1_sec_3170_face0.jpg,ming,0.013966524204729214
track_437_sample_3_sec_1570_face0.jpg,ming,0.01571257018193617
track_210_sample_3_sec_507_face1.jpg,ming,0.5812448060324674
track_653_sample_3_sec_2914_face0.jpg,xiao,0.487948609096575
track_1069_sample_3_sec_4216_face2.jpg,none,
track_76_sample_1_sec_365_face1.jpg,ming,0.012188496777479907
track_992_sample_3_sec_4004_face0.jpg,ming,0.03368843809148092
track_489_sample_2_sec_1899_face1.jpg,ming,0.03345727535853171
track_310_sample_1_sec_1055_face0.jpg,ming,0.033718592467525954
track_467_sample_1_sec_1744_face0.jpg,none,
track_88_sample_1_sec_391_face0.jpg,ming,0.018833601204561567
track_987_sample_3_sec_3993_face0.jpg,ming,0.03119592378563263
track_324_sample_2_sec_1075_face0.jpg,ming,0.006103535787595482
track_1056_sample_3_sec_4216_face3.jpg,ming,0.6709474012155392
track_149_sample_3_sec_492_face0.jpg,ming,0.0060572674856028685
track_146_sample_1_sec_483_face1.jpg,ming,0.014625629577403765
track_54_sample_3_sec_174_face0.jpg,xiao,0.021715073751580105
track_618_sample_1_sec_2571_face0.jpg,ming,0.02082179471072798
track_494_sample_2_sec_1908_face0.jpg,xiao,0.028645155916847465
track_480_sample_2_sec_1853_face0.jpg,xiao,0.33096214536813817
track_382_sample_3_sec_1123_face0.jpg,xiao,0.15123623190507807
track_1016_sample_1_sec_4049_face0.jpg,ming,0.018517843115464894
track_910_sample_2_sec_3844_face0.jpg,ming,0.016722018401464478
track_20_sample_1_sec_110_face0.jpg,ming,0.02247142010286518
track_634_sample_1_sec_2766_face0.jpg,xiao,0.15143710336504712
track_605_sample_1_sec_2518_face0.jpg,xiao,0.18604899090933102
track_170_sample_2_sec_499_face0.jpg,ming,0.018465536785157166
track_1056_sample_3_sec_4216_face1.jpg,none,
track_73_sample_1_sec_360_face0.jpg,ming,0.03105290661818294
track_1128_sample_2_sec_4332_face0.jpg,ming,0.019326334086046892
track_1057_sample_1_sec_4198_face1.jpg,xiao,0.07161032972481574
track_650_sample_1_sec_2884_face0.jpg,xiao,0.382029725632816
track_702_sample_1_sec_3156_face0.jpg,ming,0.01907323200159783
track_709_sample_3_sec_3173_face0.jpg,ming,0.07172272221056886
track_457_sample_2_sec_1733_face0.jpg,none,
track_958_sample_2_sec_3909_face0.jpg,ming,0.01744054927037264
track_1069_sample_3_sec_4216_face0.jpg,xiao,0.5997361938304518
track_1072_sample_2_sec_4208_face0.jpg,none,
track_136_sample_3_sec_486_face0.jpg,xiao,0.5129212082842993
track_1068_sample_1_sec_4198_face0.jpg,xiao,0.6594734261436435
track_103_sample_1_sec_420_face0.jpg,ming,0.027104060940447705
track_465_sample_3_sec_1757_face0.jpg,ming,0.015699374201838756
track_608_sample_1_sec_2522_face1.jpg,ming,0.019067848766131323
track_867_sample_2_sec_3839_face0.jpg,ming,0.016848722327487575
track_1069_sample_2_sec_4207_face1.jpg,none,
track_602_sample_1_sec_2511_face0.jpg,xiao,0.6347309328113122
track_1025_sample_3_sec_4102_face0.jpg,xiao,0.02863433139259075
track_344_sample_1_sec_1088_face0.jpg,ming,0.013418822135929265
track_460_sample_3_sec_1734_face0.jpg,ming,0.03332247468132121
track_1014_sample_2_sec_4052_face0.jpg,ming,0.012398568728097747
track_1019_sample_1_sec_4056_face0.jpg,none,
track_1070_sample_2_sec_4207_face4.jpg,none,
track_442_sample_1_sec_1580_face0.jpg,ming,0.025356087076463973
track_1023_sample_2_sec_4065_face0.jpg,ming,0.04294375335030254
track_1021_sample_2_sec_4061_face0.jpg,xiao,0.05106935194504314
track_1056_sample_2_sec_4207_face0.jpg,ming,0.02638991592974016
track_1067_sample_1_sec_4198_face4.jpg,xiao,0.07191613261790619
track_674_sample_3_sec_2970_face0.jpg,ming,0.6461822770494783
track_443_sample_1_sec_1600_face0.jpg,xiao,0.44966263009013885
track_1056_sample_2_sec_4207_face1.jpg,none,
track_216_sample_2_sec_698_face0.jpg,ming,0.026574797451596965
track_1019_sample_1_sec_4056_face1.jpg,ming,0.021152822482111477
track_811_sample_1_sec_3683_face0.jpg,ming,0.015871642748634618
track_471_sample_1_sec_1768_face0.jpg,ming,0.022380269802989128
track_118_sample_3_sec_469_face0.jpg,ming,0.5599065416511366
track_602_sample_1_sec_2511_face1.jpg,xiao,0.3006098848674401
track_1069_sample_2_sec_4207_face0.jpg,none,
track_1050_sample_3_sec_4177_face0.jpg,xiao,0.04133792343236109
track_19_sample_3_sec_124_face0.jpg,ming,0.02736643801188321
track_608_sample_1_sec_2522_face0.jpg,ming,0.020498263107579517
track_517_sample_3_sec_2019_face0.jpg,ming,0.012890224237961712
track_1085_sample_1_sec_4261_face0.jpg,ming,0.018094446166095013
track_1040_sample_3_sec_4147_face0.jpg,xiao,0.032312486341364965
track_36_sample_2_sec_136_face0.jpg,ming,0.019713402346417386
track_19_sample_2_sec_117_face0.jpg,xiao,0.02896942711468553
track_431_sample_3_sec_1391_face0.jpg,ming,0.47695750299933104
track_1068_sample_1_sec_4198_face1.jpg,none,
track_1069_sample_3_sec_4216_face1.jpg,none,
track_109_sample_1_sec_438_face0.jpg,ming,0.025950012130584788
track_843_sample_3_sec_3764_face0.jpg,ming,2.220446049250313e-16
track_1057_sample_1_sec_4198_face0.jpg,none,
track_730_sample_3_sec_3426_face0.jpg,ming,0.011426282953111766
track_1070_sample_3_sec_4216_face4.jpg,xiao,0.6460312197270118
track_650_sample_1_sec_2884_face1.jpg,ming,0.025468623958965875
track_20_sample_3_sec_124_face0.jpg,ming,0.027077343452962976
track_1071_sample_1_sec_4198_face4.jpg,ming,0.5117955290325173
track_1056_sample_3_sec_4216_face0.jpg,ming,0.5288686383883509
track_84_sample_3_sec_389_face0.jpg,ming,0.020542541686661586
track_382_sample_3_sec_1123_face1.jpg,ming,0.011216553080269254
track_1128_sample_3_sec_4337_face0.jpg,ming,0.01892341571753986
track_480_sample_2_sec_1853_face1.jpg,ming,0.20892239658007328
track_20_sample_2_sec_117_face0.jpg,ming,0.02730509876545517
track_95_sample_1_sec_406_face0.jpg,ming,0.01716107223114971
track_171_sample_1_sec_492_face1.jpg,ming,0.019273150437758235
track_562_sample_2_sec_2197_face0.jpg,ming,0.2455325947902054
track_1108_sample_2_sec_4299_face0.jpg,ming,0.012635524391689912
track_1033_sample_2_sec_4139_face0.jpg,ming,0.6050166558813266
track_1066_sample_2_sec_4207_face0.jpg,xiao,0.6531542521239488
track_1070_sample_3_sec_4216_face0.jpg,xiao,0.37537016989817706
track_338_sample_2_sec_1106_face0.jpg,ming,0.009005486634392823
track_662_sample_2_sec_2910_face0.jpg,ming,0.4875597567901807
track_1071_sample_1_sec_4198_face0.jpg,xiao,0.573315898546368
track_13_sample_2_sec_75_face0.jpg,ming,0.02169178537614569
track_1062_sample_1_sec_4198_face2.jpg,xiao,0.6652895909447043
track_607_sample_1_sec_2522_face0.jpg,ming,0.024523122232920413
track_797_sample_3_sec_3675_face0.jpg,ming,0.02196788604189026
track_274_sample_2_sec_758_face2.jpg,xiao,0.03492182565602031
track_1037_sample_2_sec_4138_face0.jpg,xiao,0.032234570811176866
track_460_sample_1_sec_1731_face0.jpg,xiao,0.029876336630632272
track_1037_sample_1_sec_4133_face0.jpg,xiao,0.028697481297210392
track_1059_sample_2_sec_4207_face1.jpg,none,
track_968_sample_1_sec_3916_face0.jpg,ming,0.04491462573387561
track_536_sample_2_sec_2093_face0.jpg,xiao,0.6723565442089986
track_10_sample_1_sec_53_face1.jpg,ming,0.02707567839087821
track_1006_sample_1_sec_4029_face0.jpg,none,
track_4_sample_2_sec_26_face0.jpg,ming,0.04071679044787435
track_477_sample_1_sec_1825_face0.jpg,ming,0.027694751484150126
track_1058_sample_1_sec_4198_face0.jpg,none,
track_727_sample_1_sec_3349_face0.jpg,ming,0.4289950490948371
track_1069_sample_2_sec_4207_face4.jpg,ming,0.027450731832732167
track_749_sample_1_sec_3441_face0.jpg,xiao,0.025365967928794975
track_632_sample_1_sec_2749_face0.jpg,ming,0.12493280772912185
track_1059_sample_3_sec_4216_face0.jpg,ming,0.5742574744321767
track_421_sample_3_sec_1363_face0.jpg,ming,0.02602848658158785
track_730_sample_1_sec_3402_face0.jpg,xiao,0.3183496546201431
track_434_sample_1_sec_1403_face0.jpg,ming,0.3258984277168525
track_96_sample_2_sec_411_face0.jpg,ming,0.016971644644260486
track_1067_sample_1_sec_4198_face1.jpg,xiao,0.6797510583441244
track_312_sample_1_sec_1057_face0.jpg,xiao,0.6356913473174499
track_1066_sample_3_sec_4216_face1.jpg,none,
track_1070_sample_2_sec_4207_face1.jpg,none,
track_1126_sample_1_sec_4321_face1.jpg,ming,0.01711883937816583
track_1070_sample_2_sec_4207_face0.jpg,xiao,0.5398104160731414
track_1126_sample_1_sec_4321_face0.jpg,ming,0.019558842054158254
track_1066_sample_3_sec_4216_face0.jpg,xiao,0.6302026294189229
track_649_sample_1_sec_2878_face0.jpg,xiao,0.04421799324546449
track_1067_sample_1_sec_4198_face0.jpg,ming,0.6716136344635013
track_96_sample_2_sec_411_face1.jpg,ming,0.006851471022430999
track_1140_sample_3_sec_4376_face0.jpg,ming,0.08144112736146558
track_718_sample_2_sec_3204_face0.jpg,ming,0.640154822858441
track_135_sample_1_sec_474_face0.jpg,xiao,0.500632175473199
track_458_sample_2_sec_1733_face0.jpg,xiao,0.0838608187739247
track_670_sample_3_sec_2935_face0.jpg,ming,0.06346650740845605
track_1059_sample_3_sec_4216_face1.jpg,none,
track_509_sample_2_sec_1954_face0.jpg,xiao,0.5652784837898759
track_485_sample_1_sec_1883_face0.jpg,ming,0.018426897640158035
track_467_sample_2_sec_1768_face0.jpg,ming,0.023639193096905542
track_1058_sample_1_sec_4198_face1.jpg,none,
track_672_sample_2_sec_2943_face2.jpg,ming,0.10526629106305296
track_511_sample_2_sec_1972_face0.jpg,xiao,0.45380555745489837
track_1006_sample_1_sec_4029_face1.jpg,xiao,0.6730787022286682
track_10_sample_1_sec_53_face0.jpg,ming,0.1466555602557268
track_827_sample_1_sec_3692_face0.jpg,ming,0.20624437305813015
track_1069_sample_3_sec_4216_face4.jpg,ming,0.013588181818370404
track_286_sample_1_sec_1017_face0.jpg,ming,0.023412808916527306
track_1059_sample_2_sec_4207_face0.jpg,ming,0.44464038117214777
track_523_sample_3_sec_2062_face0.jpg,ming,0.014314327434966634
track_629_sample_1_sec_2746_face0.jpg,ming,0.4166060869636934
track_97_sample_3_sec_425_face0.jpg,ming,0.020351690377586218
track_1068_sample_1_sec_4198_face4.jpg,ming,0.05033312365492293
track_1127_sample_2_sec_4326_face0.jpg,ming,0.016191965177269618
track_827_sample_2_sec_3702_face0.jpg,ming,0.06446724814870952
track_1037_sample_2_sec_4138_face1.jpg,xiao,0.6249960577163793
track_445_sample_2_sec_1624_face0.jpg,none,
track_317_sample_2_sec_1070_face0.jpg,ming,0.018273923304886086
track_679_sample_2_sec_2971_face0.jpg,ming,0.012230525418640337
track_102_sample_1_sec_419_face0.jpg,ming,0.008938095324934614
track_1050_sample_1_sec_4172_face0.jpg,ming,0.13248464243049374
track_624_sample_1_sec_2733_face0.jpg,ming,0.007224970847744316
track_1071_sample_1_sec_4198_face1.jpg,ming,0.6784127808151255
track_1070_sample_3_sec_4216_face1.jpg,none,
track_1066_sample_2_sec_4207_face1.jpg,none,
track_1033_sample_2_sec_4139_face1.jpg,none,
track_171_sample_1_sec_492_face0.jpg,ming,0.02273820202834176
track_319_sample_1_sec_1068_face0.jpg,ming,0.037414079462989025
track_95_sample_1_sec_406_face1.jpg,xiao,0.020673219224422446
track_659_sample_2_sec_2911_face0.jpg,ming,0.02191013595077196
track_1040_sample_2_sec_4144_face1.jpg,ming,0.11096607206939779
track_671_sample_1_sec_2940_face0.jpg,ming,0.014962093034402102
track_1070_sample_3_sec_4216_face3.jpg,none,
track_1033_sample_2_sec_4139_face3.jpg,ming,0.01457206425670432
track_1063_sample_3_sec_4216_face1.jpg,none,
track_1062_sample_1_sec_4198_face1.jpg,none,
track_1071_sample_1_sec_4198_face3.jpg,ming,0.10248142164289042
track_624_sample_3_sec_2783_face0.jpg,ming,0.18365377199903676
track_462_sample_2_sec_1733_face0.jpg,none,
track_693_sample_2_sec_3102_face0.jpg,ming,0.014061796586718134
track_274_sample_2_sec_758_face1.jpg,ming,0.023030355443154016
track_13_sample_1_sec_57_face0.jpg,ming,0.01633056315130399
track_642_sample_1_sec_2830_face0.jpg,ming,0.10286780218181346
track_126_sample_1_sec_471_face0.jpg,xiao,0.6671942818597566
track_444_sample_2_sec_1610_face0.jpg,ming,0.12323166906792882
track_73_sample_2_sec_375_face0.jpg,ming,0.6222045723568077
track_586_sample_2_sec_2364_face0.jpg,ming,0.1838603318782297
track_219_sample_3_sec_707_face0.jpg,ming,0.014264582675907467
track_67_sample_3_sec_370_face0.jpg,ming,0.027990751470316266
track_672_sample_2_sec_2943_face0.jpg,ming,0.00770837752908804
track_319_sample_3_sec_1143_face0.jpg,ming,0.36845954901600875
track_285_sample_3_sec_976_face0.jpg,ming,0.024726257536702767
track_382_sample_2_sec_1120_face0.jpg,ming,0.2325191944389179
track_1076_sample_2_sec_4254_face0.jpg,xiao,0.4216982814374963
track_819_sample_1_sec_3687_face0.jpg,xiao,0.47495766793799465
track_557_sample_3_sec_2150_face0.jpg,ming,0.02496252578074709
track_62_sample_3_sec_244_face0.jpg,ming,-2.220446049250313e-16
track_455_sample_3_sec_1734_face0.jpg,ming,0.37040492435993844
track_87_sample_2_sec_399_face0.jpg,ming,0.49384265160671637
track_1067_sample_1_sec_4198_face2.jpg,none,
track_1070_sample_2_sec_4207_face2.jpg,xiao,0.5543720380334559
track_1063_sample_2_sec_4207_face0.jpg,none,
track_1066_sample_3_sec_4216_face2.jpg,ming,0.006994564765960054
track_1063_sample_2_sec_4207_face1.jpg,xiao,0.14314429784328098
track_1070_sample_2_sec_4207_face3.jpg,xiao,0.6049465790507289
track_1067_sample_1_sec_4198_face3.jpg,ming,0.5762643659256423
track_949_sample_3_sec_3903_face0.jpg,ming,0.014165844328172694
track_697_sample_1_sec_3147_face0.jpg,ming,0.3980232899337377
track_158_sample_1_sec_487_face0.jpg,xiao,0.6389602926888183
track_124_sample_2_sec_475_face0.jpg,xiao,0.6561151797415907
track_1003_sample_3_sec_4033_face0.jpg,xiao,0.03642080736944431
track_532_sample_2_sec_2077_face0.jpg,xiao,0.3269170099066956
track_8_sample_3_sec_52_face0.jpg,ming,0.3131076581400707
track_757_sample_1_sec_3508_face0.jpg,ming,0.02698180046325127
track_1058_sample_1_sec_4198_face2.jpg,xiao,0.1168825518922022
track_719_sample_2_sec_3211_face0.jpg,ming,0.02732020263087609
track_382_sample_2_sec_1120_face1.jpg,ming,0.017460876030433004
track_819_sample_3_sec_3706_face0.jpg,ming,0.027029712518665594
track_369_sample_1_sec_1100_face0.jpg,ming,0.014376813027785929
track_672_sample_2_sec_2943_face1.jpg,ming,0.2931002651111665
track_276_sample_1_sec_769_face0.jpg,ming,0.02342814711905672
track_274_sample_2_sec_758_face0.jpg,none,
track_462_sample_2_sec_1733_face1.jpg,none,
track_63_sample_3_sec_239_face0.jpg,xiao,0.02501862481679662
track_494_sample_3_sec_1912_face0.jpg,ming,0.02805536544010956
track_1071_sample_1_sec_4198_face2.jpg,ming,0.658330608333249
track_1062_sample_1_sec_4198_face0.jpg,xiao,0.550000114986958
track_1066_sample_2_sec_4207_face2.jpg,ming,0.010599721438602216
track_1063_sample_3_sec_4216_face0.jpg,xiao,0.2177701339685374
track_1033_sample_2_sec_4139_face2.jpg,ming,0.0966940412490278
track_1070_sample_3_sec_4216_face2.jpg,ming,0.5757233321652584
track_557_sample_1_sec_2130_face0.jpg,none,
track_98_sample_1_sec_418_face0.jpg,ming,0.02588316129720547
track_1040_sample_2_sec_4144_face0.jpg,none,
track_697_sample_2_sec_3158_face0.jpg,ming,0.27239898081278
track_222_sample_2_sec_699_face0.jpg,ming,0.016000045969845944
track_972_sample_1_sec_3918_face0.jpg,ming,0.11643603962590643
track_735_sample_2_sec_3415_face0.jpg,none,
track_818_sample_2_sec_3713_face0.jpg,ming,0.01684742787828164
track_784_sample_3_sec_3648_face0.jpg,ming,0.02135341292663062
track_61_sample_1_sec_206_face0.jpg,ming,0.0225148429095976
track_461_sample_2_sec_1733_face0.jpg,xiao,0.6302020309295973
track_992_sample_1_sec_3996_face0.jpg,ming,0.019958244461409036
track_435_sample_3_sec_1431_face0.jpg,xiao,0.668198380605191
track_476_sample_2_sec_1833_face0.jpg,ming,0.018729119260528115
track_465_sample_2_sec_1748_face0.jpg,ming,0.04982523003236916
track_319_sample_2_sec_1115_face0.jpg,ming,0.01876183117349406
track_1060_sample_3_sec_4216_face1.jpg,none,
track_276_sample_3_sec_788_face0.jpg,ming,0.02682570061456413
track_672_sample_1_sec_2940_face0.jpg,xiao,0.029144101291251
track_223_sample_2_sec_696_face0.jpg,ming,0.02190734634001046
track_599_sample_2_sec_2519_face0.jpg,ming,0.01916659721459335
track_1061_sample_1_sec_4198_face1.jpg,xiao,0.4665094755221969
track_1014_sample_3_sec_4059_face0.jpg,ming,0.041940881238520134
track_1003_sample_1_sec_4021_face0.jpg,none,
track_391_sample_1_sec_1211_face0.jpg,ming,0.3453299690187537
track_702_sample_2_sec_3166_face0.jpg,ming,0.02585814565024036
track_456_sample_3_sec_1734_face0.jpg,none,
track_210_sample_1_sec_505_face1.jpg,ming,0.025729438011617978
track_95_sample_3_sec_416_face0.jpg,ming,0.020798277613508276
track_437_sample_1_sec_1548_face0.jpg,xiao,0.0
track_323_sample_1_sec_1074_face0.jpg,ming,0.004845950683329603
track_1065_sample_3_sec_4216_face2.jpg,none,
track_1060_sample_2_sec_4207_face0.jpg,none,
track_1035_sample_2_sec_4139_face0.jpg,none,
track_792_sample_3_sec_3669_face0.jpg,ming,0.007794173148698125
track_1073_sample_1_sec_4199_face0.jpg,ming,0.016140051956561985
track_747_sample_2_sec_3448_face0.jpg,ming,0.024956180016053375
track_710_sample_3_sec_3176_face0.jpg,ming,0.023572962082554216
track_382_sample_1_sec_1116_face1.jpg,ming,0.019801024218140117
track_316_sample_1_sec_1066_face0.jpg,ming,0.015738598976690277
track_382_sample_1_sec_1116_face0.jpg,ming,0.1706280865266725
track_671_sample_3_sec_2946_face0.jpg,ming,0.4134672919741673
track_55_sample_3_sec_170_face0.jpg,ming,0.00778765383124036
track_761_sample_2_sec_3530_face0.jpg,xiao,0.023647967860455643
track_573_sample_1_sec_2253_face0.jpg,ming,0.021612088686166042
track_1035_sample_2_sec_4139_face1.jpg,ming,0.1348841979130896
track_1060_sample_2_sec_4207_face1.jpg,xiao,0.547870210241744
track_108_sample_1_sec_431_face0.jpg,ming,0.46294633850376776
track_95_sample_3_sec_416_face1.jpg,xiao,0.024495424083577966
track_784_sample_1_sec_3628_face0.jpg,ming,0.02577915070261949
track_210_sample_1_sec_505_face0.jpg,ming,0.5553855490546639
track_148_sample_1_sec_483_face0.jpg,ming,0.020648089366341216
track_459_sample_1_sec_1731_face0.jpg,xiao,0.06160601837376467
track_584_sample_2_sec_2333_face0.jpg,xiao,0.46181180290217205
track_1103_sample_3_sec_4308_face0.jpg,ming,0.018274521285587042
track_1061_sample_1_sec_4198_face0.jpg,xiao,0.6017477283517032
track_599_sample_2_sec_2519_face1.jpg,xiao,0.02699811003938135
track_1060_sample_3_sec_4216_face0.jpg,none,
track_1065_sample_2_sec_4207_face2.jpg,none,
track_507_sample_2_sec_1938_face0.jpg,xiao,0.029362544074229224
track_98_sample_2_sec_422_face0.jpg,ming,0.02192960596973037
track_476_sample_2_sec_1833_face1.jpg,ming,0.0298059342935455
track_688_sample_1_sec_3032_face0.jpg,ming,0.02205386258948583
track_461_sample_2_sec_1733_face1.jpg,xiao,0.03721188365388406
track_620_sample_1_sec_2680_face0.jpg,xiao,0.2454035856780128
track_1_sample_3_sec_10_face0.jpg,ming,0.028799398035232793
track_463_sample_1_sec_1731_face0.jpg,xiao,0.0245380083556489
track_412_sample_3_sec_1327_face0.jpg,ming,0.022323042180292907
track_5_sample_3_sec_33_face0.jpg,ming,0.021008458995878332
track_383_sample_3_sec_1163_face0.jpg,ming,0.0
track_659_sample_1_sec_2906_face1.jpg,ming,0.03672859750056279
track_674_sample_1_sec_2948_face0.jpg,ming,0.025182789033068365
track_907_sample_1_sec_3840_face0.jpg,ming,0.01745502292839496
track_1034_sample_1_sec_4133_face0.jpg,ming,0.5182679960690246
track_449_sample_2_sec_1674_face0.jpg,xiao,0.25331608572072706
track_893_sample_1_sec_3835_face0.jpg,ming,0.017346515176685062
track_563_sample_3_sec_2274_face0.jpg,xiao,0.05899574215724934
track_1109_sample_1_sec_4296_face0.jpg,ming,0.01705797720446056
track_442_sample_3_sec_1599_face0.jpg,none,
track_93_sample_2_sec_411_face0.jpg,ming,0.01026118298485934
track_443_sample_3_sec_1619_face1.jpg,ming,0.01529872770434959
track_339_sample_1_sec_1086_face0.jpg,ming,0.02045210267882691
track_1073_sample_3_sec_4216_face0.jpg,ming,0.025213924386886744
track_384_sample_1_sec_1198_face0.jpg,ming,0.02332251490556725
track_1060_sample_3_sec_4216_face2.jpg,xiao,0.6428807860611805
track_1065_sample_2_sec_4207_face0.jpg,none,
track_476_sample_3_sec_1841_face1.jpg,ming,0.02488746170452094
track_562_sample_3_sec_2202_face0.jpg,ming,0.02209998203003416
track_1003_sample_2_sec_4027_face0.jpg,none,
track_554_sample_3_sec_2127_face0.jpg,none,
track_967_sample_3_sec_3940_face0.jpg,ming,0.6424743387265288
track_567_sample_2_sec_2245_face0.jpg,xiao,0.5158450164975346
track_534_sample_1_sec_2080_face0.jpg,xiao,0.03706941962030519
track_1064_sample_1_sec_4198_face1.jpg,xiao,0.6095623500036845
track_312_sample_3_sec_1064_face0.jpg,xiao,0.470996415929399
track_339_sample_3_sec_1113_face1.jpg,ming,0.014682890369052237
track_801_sample_1_sec_3679_face0.jpg,xiao,0.041694747449524505
track_573_sample_2_sec_2255_face1.jpg,ming,0.036934173257377134
track_284_sample_3_sec_955_face0.jpg,ming,0.021001749885984466
track_1065_sample_3_sec_4216_face1.jpg,none,
track_159_sample_3_sec_490_face0.jpg,ming,0.03963759312113457
track_964_sample_1_sec_3909_face0.jpg,ming,0.022255245872562668
track_102_sample_3_sec_425_face0.jpg,ming,0.014530264843416796
track_535_sample_2_sec_2093_face0.jpg,xiao,0.5149941621864271
track_178_sample_1_sec_492_face1.jpg,ming,0.015694253500353028
track_294_sample_1_sec_1051_face1.jpg,ming,0.017583277215026283
track_554_sample_1_sec_2108_face0.jpg,ming,0.28381724925873864
track_9_sample_1_sec_50_face0.jpg,ming,0.02532893378239187
track_631_sample_1_sec_2749_face0.jpg,ming,0.12911133846472778
track_63_sample_1_sec_229_face0.jpg,xiao,-2.220446049250313e-16
track_1042_sample_2_sec_4145_face0.jpg,xiao,0.038264812306451734
track_9_sample_1_sec_50_face1.jpg,xiao,0.026568600118396457
track_294_sample_1_sec_1051_face0.jpg,ming,0.017821162615663022
track_178_sample_1_sec_492_face0.jpg,xiao,0.0215851019026273
track_631_sample_2_sec_2763_face0.jpg,ming,0.008818985534219892
track_1065_sample_3_sec_4216_face0.jpg,none,
track_1060_sample_2_sec_4207_face2.jpg,none,
track_573_sample_2_sec_2255_face0.jpg,ming,0.020200074379693178
track_801_sample_1_sec_3679_face1.jpg,ming,0.0172022466126871
track_339_sample_3_sec_1113_face0.jpg,ming,0.26468247571631787
track_1064_sample_1_sec_4198_face0.jpg,none,
track_563_sample_2_sec_2265_face0.jpg,xiao,0.13727637985319618
track_554_sample_3_sec_2127_face1.jpg,ming,0.14515242983742516
track_312_sample_2_sec_1061_face0.jpg,none,
track_1003_sample_2_sec_4027_face1.jpg,ming,0.015392765706559342
track_776_sample_1_sec_3561_face0.jpg,xiao,0.028046121990215944
track_305_sample_1_sec_1053_face0.jpg,xiao,0.023922186890475095
track_476_sample_3_sec_1841_face0.jpg,ming,0.023641956862686775
track_1065_sample_2_sec_4207_face1.jpg,ming,0.6426655481968166
track_443_sample_3_sec_1619_face0.jpg,ming,0.1665869695325316
track_93_sample_2_sec_411_face1.jpg,xiao,0.020795813385159012
track_522_sample_1_sec_2049_face0.jpg,ming,0.023012729347103522
track_298_sample_1_sec_1052_face0.jpg,ming,0.017899705528875653
track_1034_sample_1_sec_4133_face1.jpg,ming,0.6107758636570391
track_313_sample_1_sec_1066_face0.jpg,ming,0.015805057385248622
track_520_sample_3_sec_2062_face0.jpg,ming,0.021048301654552515
track_481_sample_1_sec_1843_face0.jpg,xiao,0.0
track_659_sample_1_sec_2906_face0.jpg,ming,0.01910745702312966
track_634_sample_3_sec_2783_face0.jpg,ming,0.04390413839930363
track_94_sample_2_sec_411_face1.jpg,ming,0.006393584344818848
track_987_sample_2_sec_3987_face0.jpg,ming,0.026393360306631752
track_275_sample_2_sec_764_face0.jpg,ming,0.030299129724521978
track_1033_sample_3_sec_4145_face0.jpg,ming,0.13151837622891227
track_159_sample_2_sec_489_face0.jpg,ming,0.06165909688151816
track_959_sample_1_sec_3906_face0.jpg,ming,0.39446285936545034
track_797_sample_2_sec_3673_face0.jpg,ming,0.15406565499644154
track_137_sample_1_sec_474_face0.jpg,ming,0.015681380770086184
track_153_sample_2_sec_488_face2.jpg,ming,0.017459770440041766
track_74_sample_1_sec_363_face0.jpg,ming,0.018993965172498517
track_316_sample_3_sec_1086_face0.jpg,ming,0.01961204998611521
track_498_sample_1_sec_1924_face0.jpg,ming,0.018646012583968363
track_869_sample_1_sec_3829_face0.jpg,ming,0.020147303747398815
track_919_sample_2_sec_3856_face0.jpg,ming,0.015107290628601944
track_677_sample_2_sec_2961_face0.jpg,none,
track_1037_sample_3_sec_4144_face0.jpg,ming,0.019105973780169094
track_986_sample_3_sec_4005_face0.jpg,ming,0.00821134997280104
track_154_sample_3_sec_488_face0.jpg,ming,0.02037088748834348
track_449_sample_1_sec_1660_face1.jpg,ming,0.027533967074669374
track_149_sample_2_sec_491_face0.jpg,ming,0.015223582664946389
track_106_sample_3_sec_435_face0.jpg,xiao,0.6169395083204343
track_67_sample_1_sec_330_face0.jpg,ming,0.572001513336849
track_405_sample_2_sec_1304_face0.jpg,ming,0.019877542867390408
track_513_sample_3_sec_1998_face0.jpg,ming,0.023177956991430215
track_463_sample_3_sec_1734_face0.jpg,ming,0.02549212164775505
track_322_sample_2_sec_1075_face1.jpg,ming,0.025541575962288565
track_986_sample_1_sec_3980_face0.jpg,ming,0.021274591001282595
track_108_sample_3_sec_436_face0.jpg,xiao,0.6381177618552515
track_87_sample_1_sec_390_face0.jpg,xiao,0.549057804947413
track_1058_sample_2_sec_4208_face0.jpg,none,
track_586_sample_1_sec_2354_face0.jpg,ming,0.024783926331841788
track_441_sample_1_sec_1580_face0.jpg,ming,0.03035490827057641
track_1055_sample_2_sec_4207_face0.jpg,xiao,0.6382602160828572
track_88_sample_2_sec_393_face0.jpg,ming,0.01861420047332163
track_1013_sample_2_sec_4053_face0.jpg,ming,0.021775917453310645
track_218_sample_1_sec_694_face0.jpg,ming,0.062483086597791226
track_532_sample_1_sec_2072_face0.jpg,ming,0.028197496635917862
track_173_sample_1_sec_492_face0.jpg,ming,0.026661287032974434
track_1142_sample_3_sec_4399_face0.jpg,xiao,0.61176896742862
track_511_sample_3_sec_1974_face0.jpg,xiao,0.4175139789605291
track_519_sample_1_sec_2043_face0.jpg,ming,0.021785001749726418
track_518_sample_1_sec_2021_face0.jpg,ming,0.02373444386057455
track_1007_sample_2_sec_4043_face0.jpg,ming,0.020598283063721134
track_744_sample_1_sec_3437_face0.jpg,ming,0.02816074246309419
track_1058_sample_2_sec_4208_face1.jpg,none,
track_87_sample_1_sec_390_face1.jpg,ming,0.05717660655806933
track_322_sample_2_sec_1075_face0.jpg,ming,0.02049506032642945
track_105_sample_3_sec_425_face0.jpg,ming,0.015335021752194478
track_1021_sample_1_sec_4057_face0.jpg,xiao,0.4705774340847285
track_298_sample_2_sec_1073_face0.jpg,ming,0.01385746514349806
track_732_sample_1_sec_3405_face0.jpg,xiao,0.3377063293219854
track_724_sample_1_sec_3342_face0.jpg,ming,0.018495873887612202
track_726_sample_1_sec_3346_face0.jpg,xiao,0.6443740388885427
track_1054_sample_1_sec_4198_face0.jpg,xiao,0.5828388160242881
track_88_sample_3_sec_395_face0.jpg,ming,0.020822291904332046
track_986_sample_3_sec_4005_face1.jpg,ming,0.018773267354711187
track_57_sample_3_sec_189_face0.jpg,ming,0.02018408652690984
track_449_sample_1_sec_1660_face0.jpg,xiao,0.30399179738115145
track_154_sample_3_sec_488_face1.jpg,ming,0.023398690565236024
track_1055_sample_3_sec_4216_face0.jpg,none,
track_781_sample_3_sec_3643_face0.jpg,ming,0.022561499095348547
track_909_sample_3_sec_3863_face0.jpg,xiao,0.028687329903215875
track_644_sample_1_sec_2841_face0.jpg,none,
track_585_sample_3_sec_2352_face0.jpg,ming,0.025363268103948622
track_206_sample_1_sec_498_face0.jpg,ming,0.015324840438841969
track_492_sample_3_sec_1938_face0.jpg,xiao,0.03219470216549403
track_275_sample_2_sec_764_face1.jpg,ming,0.019655756209607245
track_94_sample_2_sec_411_face0.jpg,ming,0.01321789731218137
track_1023_sample_3_sec_4068_face0.jpg,ming,0.03419365184316814
track_94_sample_2_sec_411_face2.jpg,ming,0.005797409493939698
track_385_sample_2_sec_1201_face0.jpg,ming,0.016868290064684044
track_509_sample_1_sec_1945_face0.jpg,xiao,0.24815459233324955
track_456_sample_1_sec_1731_face0.jpg,xiao,0.654020152125329
track_153_sample_2_sec_488_face1.jpg,ming,0.04191294559629111
track_112_sample_3_sec_460_face0.jpg,ming,0.02033110829306861
track_427_sample_1_sec_1372_face0.jpg,ming,0.04600578599683325
track_692_sample_3_sec_3093_face0.jpg,ming,0.021752131307309353
track_932_sample_1_sec_3861_face1.jpg,ming,0.01374512739116307
track_679_sample_3_sec_2992_face0.jpg,xiao,0.6728047621166818
track_286_sample_3_sec_1036_face0.jpg,ming,0.02328869329334393
track_454_sample_2_sec_1750_face0.jpg,none,
track_53_sample_3_sec_142_face0.jpg,xiao,0.4380514101196391
track_668_sample_2_sec_2943_face0.jpg,ming,0.02185482884482237
track_285_sample_2_sec_967_face0.jpg,xiao,0.02861357096052841
track_590_sample_2_sec_2401_face0.jpg,none,
track_1116_sample_1_sec_4305_face0.jpg,ming,0.016033996734363676
track_996_sample_1_sec_4003_face0.jpg,ming,0.02445882025648216
track_1142_sample_2_sec_4391_face0.jpg,ming,0.4729073261428627
track_112_sample_1_sec_440_face0.jpg,xiao,0.02520795049766056
track_67_sample_2_sec_340_face0.jpg,none,
track_718_sample_1_sec_3199_face0.jpg,ming,0.6404400878274626
track_733_sample_1_sec_3410_face0.jpg,xiao,0.030463774343117644
track_65_sample_1_sec_237_face0.jpg,xiao,0.3781273829540055
track_663_sample_2_sec_2912_face0.jpg,xiao,0.5303966388218093
track_339_sample_2_sec_1104_face0.jpg,ming,0.01968032341584458
track_276_sample_2_sec_779_face0.jpg,ming,0.019090366992704055
track_948_sample_2_sec_3892_face0.jpg,ming,0.0399687673947956
track_286_sample_2_sec_1027_face0.jpg,ming,0.021297692327891804
track_1058_sample_2_sec_4208_face2.jpg,xiao,0.05465960449647256
track_727_sample_3_sec_3368_face0.jpg,ming,0.4473308439197178
track_749_sample_3_sec_3460_face0.jpg,xiao,0.02458586877052238
track_482_sample_1_sec_1878_face0.jpg,ming,0.023797408015526655
track_445_sample_1_sec_1614_face0.jpg,none,
track_124_sample_1_sec_471_face0.jpg,xiao,0.5553019162706003
track_668_sample_2_sec_2943_face1.jpg,ming,0.07667512534097021
track_553_sample_2_sec_2118_face0.jpg,ming,0.13516839427422167
track_590_sample_3_sec_2410_face0.jpg,xiao,0.6713259295248142
track_932_sample_1_sec_3861_face0.jpg,ming,0.02433787849019653
track_8_sample_2_sec_50_face0.jpg,ming,0.027970539598673794
track_1140_sample_1_sec_4362_face0.jpg,ming,0.019321366959293318
track_1020_sample_1_sec_4056_face0.jpg,xiao,0.3610635785349
track_110_sample_2_sec_465_face0.jpg,xiao,0.6001829873471268
track_136_sample_2_sec_485_face0.jpg,ming,0.038129217393264137
track_693_sample_1_sec_3085_face0.jpg,ming,0.014749337302629617
track_449_sample_3_sec_1704_face0.jpg,xiao,0.26017071990285423
track_153_sample_2_sec_488_face0.jpg,xiao,0.5921406220253331
track_909_sample_1_sec_3841_face0.jpg,xiao,0.028890425883791537
track_493_sample_1_sec_1902_face0.jpg,xiao,0.031155924309044014
track_459_sample_3_sec_1734_face0.jpg,ming,0.038578675835958864
track_681_sample_3_sec_2995_face0.jpg,xiao,0.5004842173735462
track_105_sample_1_sec_423_face0.jpg,ming,0.02411320531049499
track_1035_sample_1_sec_4133_face0.jpg,xiao,0.624311560145448
track_905_sample_3_sec_3873_face0.jpg,ming,0.018979091727958863
track_663_sample_1_sec_2907_face0.jpg,xiao,0.39796817932114914
track_480_sample_1_sec_1843_face1.jpg,xiao,0.08391681694104403
track_462_sample_1_sec_1731_face0.jpg,xiao,0.6600848520429652
track_1007_sample_3_sec_4055_face1.jpg,ming,0.020912519806470686
track_1022_sample_1_sec_4058_face0.jpg,ming,0.013503410578152963
track_1032_sample_2_sec_4125_face0.jpg,ming,0.5585425798967986
track_871_sample_1_sec_3829_face0.jpg,ming,0.024606909659879883
track_990_sample_1_sec_3987_face0.jpg,ming,0.022233476894084947
track_1060_sample_1_sec_4198_face2.jpg,xiao,0.6468373818118538
track_89_sample_2_sec_393_face0.jpg,ming,0.5418489784053522
track_949_sample_2_sec_3894_face0.jpg,ming,0.020034507560014236
track_1064_sample_2_sec_4207_face0.jpg,none,
track_1072_sample_3_sec_4216_face0.jpg,none,
track_385_sample_1_sec_1198_face0.jpg,ming,0.020910021653808952
track_664_sample_3_sec_2935_face0.jpg,xiao,0.020911507886650194
track_153_sample_3_sec_490_face1.jpg,ming,0.030637614026668758
track_93_sample_3_sec_416_face2.jpg,ming,0.015131134561174986
track_96_sample_1_sec_406_face1.jpg,ming,0.4510866069826701
track_95_sample_2_sec_411_face1.jpg,ming,0.0215677054173804
track_1064_sample_3_sec_4216_face1.jpg,ming,0.38975193248794493
track_428_sample_2_sec_1384_face0.jpg,ming,0.048234199104019604
track_158_sample_2_sec_489_face0.jpg,xiao,0.6651093967075139
track_620_sample_2_sec_2687_face0.jpg,xiao,0.2756750736077226
track_1065_sample_1_sec_4198_face1.jpg,none,
track_136_sample_1_sec_474_face0.jpg,ming,0.016804722448304443
track_734_sample_3_sec_3428_face0.jpg,xiao,0.6553848838671672
track_728_sample_3_sec_3369_face0.jpg,ming,0.01409966431713705
track_465_sample_1_sec_1738_face0.jpg,ming,0.0190654661110351
track_843_sample_1_sec_3744_face0.jpg,ming,0.013203940416965376
track_443_sample_2_sec_1610_face0.jpg,ming,0.09750516718410485
track_89_sample_3_sec_395_face1.jpg,ming,0.02816430266117631
track_148_sample_2_sec_491_face0.jpg,ming,0.02623694226824347
track_89_sample_3_sec_395_face0.jpg,ming,0.6008528586251665
track_295_sample_1_sec_1051_face0.jpg,ming,0.014823831150009514
track_168_sample_1_sec_492_face0.jpg,ming,0.00833594204283794
track_442_sample_2_sec_1590_face0.jpg,ming,0.20479800878628063
track_443_sample_2_sec_1610_face1.jpg,none,
track_688_sample_2_sec_3042_face0.jpg,ming,0.016419777289801596
track_799_sample_1_sec_3678_face0.jpg,ming,0.016546991532928823
track_31_sample_1_sec_135_face0.jpg,ming,0.012130791509891603
track_1065_sample_1_sec_4198_face0.jpg,none,
track_867_sample_1_sec_3829_face0.jpg,ming,0.012654713432397657
track_421_sample_2_sec_1362_face0.jpg,ming,0.5415300162426806
track_1018_sample_1_sec_4055_face0.jpg,ming,0.02419646593326119
track_110_sample_3_sec_469_face0.jpg,ming,0.41965599839606427
track_141_sample_1_sec_476_face1.jpg,xiao,0.02752057176642031
track_95_sample_2_sec_411_face0.jpg,xiao,0.019761394461731974
track_1064_sample_3_sec_4216_face0.jpg,none,
track_875_sample_3_sec_3848_face0.jpg,ming,0.0142939159593084
track_96_sample_1_sec_406_face0.jpg,xiao,0.023230022536137485
track_93_sample_3_sec_416_face3.jpg,ming,0.019911958804725516
track_81_sample_1_sec_367_face0.jpg,xiao,0.02297127261611942
track_84_sample_2_sec_380_face0.jpg,ming,0.05426604618088049
track_281_sample_2_sec_939_face0.jpg,ming,0.2073715641244529
track_153_sample_3_sec_490_face0.jpg,xiao,0.5438883678755766
track_756_sample_2_sec_3506_face0.jpg,xiao,0.02666179452231998
track_558_sample_1_sec_2132_face0.jpg,ming,0.014123675756273824
track_27_sample_2_sec_132_face0.jpg,xiao,0.02724186007684648
track_477_sample_3_sec_1841_face0.jpg,ming,0.02695067772989057
track_1064_sample_2_sec_4207_face1.jpg,ming,0.5560033129287725
track_1138_sample_2_sec_4363_face0.jpg,ming,0.026705617934168147
track_89_sample_2_sec_393_face1.jpg,ming,0.020442867675675047
track_12_sample_1_sec_56_face0.jpg,xiao,0.3461126431599836
track_498_sample_2_sec_1928_face0.jpg,ming,0.24599524170155207
track_414_sample_1_sec_1334_face0.jpg,ming,0.014462612680132714
track_462_sample_1_sec_1731_face1.jpg,none,
track_1007_sample_3_sec_4055_face0.jpg,none,
track_480_sample_1_sec_1843_face0.jpg,ming,0.0331561134185292
track_106_sample_1_sec_427_face0.jpg,none,
track_105_sample_2_sec_424_face0.jpg,ming,0.019690359792948975
track_521_sample_3_sec_2062_face0.jpg,ming,0.020775940186497976
track_760_sample_2_sec_3529_face0.jpg,xiao,0.026078068282402778
track_97_sample_1_sec_418_face0.jpg,ming,0.020673028723440345
track_932_sample_3_sec_3880_face0.jpg,ming,0.019424915631613637
track_477_sample_2_sec_1833_face0.jpg,ming,0.029213084152803992
track_385_sample_3_sec_1203_face0.jpg,ming,0.011782685313069807
track_1007_sample_3_sec_4055_face2.jpg,ming,0.022604438419248973
track_460_sample_2_sec_1733_face0.jpg,ming,0.032103673739570904
track_664_sample_1_sec_2917_face0.jpg,xiao,0.022428450688856905
track_391_sample_3_sec_1232_face0.jpg,ming,0.02219149699039724
track_1060_sample_1_sec_4198_face1.jpg,none,
track_726_sample_2_sec_3347_face0.jpg,xiao,0.6614214125425757
track_584_sample_3_sec_2340_face0.jpg,xiao,0.4532871693272874
track_1061_sample_3_sec_4216_face1.jpg,xiao,0.45870901639516004
track_761_sample_3_sec_3539_face0.jpg,ming,0.02002360272069681
track_813_sample_3_sec_3725_face0.jpg,ming,0.00973353899952678
track_93_sample_3_sec_416_face1.jpg,ming,0.005048334818630096
track_1061_sample_2_sec_4207_face0.jpg,xiao,0.5939326602497549
track_735_sample_1_sec_3412_face0.jpg,none,
track_1065_sample_1_sec_4198_face2.jpg,ming,0.6281605021580421
track_322_sample_1_sec_1074_face0.jpg,ming,0.01743694171611143
track_570_sample_3_sec_2259_face0.jpg,xiao,0.4423400304955857
track_874_sample_1_sec_3829_face0.jpg,ming,0.012835385202995542
track_457_sample_3_sec_1734_face0.jpg,none,
track_718_sample_3_sec_3208_face0.jpg,ming,0.02009550192579157
track_281_sample_3_sec_948_face0.jpg,ming,0.0817154271897993
track_638_sample_1_sec_2805_face0.jpg,ming,0.025522902994765673
track_127_sample_1_sec_472_face1.jpg,ming,0.021869022404808702
track_523_sample_1_sec_2050_face1.jpg,ming,0.024672570097025392
track_567_sample_3_sec_2255_face1.jpg,ming,0.020577984527595294
track_1034_sample_2_sec_4143_face0.jpg,ming,0.036142392251861666
track_979_sample_2_sec_3952_face0.jpg,ming,0.65834868931014
track_218_sample_2_sec_699_face0.jpg,ming,0.6408582959382048
track_725_sample_1_sec_3344_face0.jpg,xiao,0.08083263010739739
track_435_sample_1_sec_1412_face0.jpg,ming,0.1850282248933114
track_1072_sample_1_sec_4199_face0.jpg,none,
track_511_sample_1_sec_1970_face0.jpg,xiao,0.41518193987987106
track_575_sample_3_sec_2261_face0.jpg,ming,0.3542578065168097
track_1036_sample_3_sec_4142_face0.jpg,ming,0.01885432103788398
track_445_sample_3_sec_1667_face0.jpg,ming,0.1385284229791135
track_102_sample_2_sec_422_face0.jpg,ming,0.007089304984569833
track_133_sample_2_sec_476_face0.jpg,xiao,0.41113261930950973
track_585_sample_1_sec_2342_face0.jpg,ming,0.6344735725709377
track_567_sample_3_sec_2255_face0.jpg,xiao,0.3901734971009668
track_458_sample_1_sec_1731_face0.jpg,xiao,0.031712472783912204
track_734_sample_2_sec_3420_face0.jpg,xiao,0.5991072251609695
track_127_sample_1_sec_472_face0.jpg,ming,0.1284003805121915
track_523_sample_1_sec_2050_face0.jpg,ming,0.018096785661627535
track_412_sample_2_sec_1323_face0.jpg,ming,0.02086454615589506
track_1061_sample_2_sec_4207_face1.jpg,xiao,0.6208174421245836
track_93_sample_3_sec_416_face0.jpg,ming,0.010575910599698313
track_959_sample_3_sec_3923_face0.jpg,ming,0.022944944339939655
track_434_sample_3_sec_1410_face0.jpg,xiao,0.06028849425093741
track_216_sample_3_sec_707_face0.jpg,ming,0.02396861408522899
track_1061_sample_3_sec_4216_face0.jpg,ming,0.5159616410880685
track_870_sample_3_sec_3848_face0.jpg,ming,0.013029765334190091
track_506_sample_2_sec_1938_face0.jpg,ming,0.029963948446318445
track_677_sample_1_sec_2960_face0.jpg,ming,0.05664312607249189
track_447_sample_2_sec_1653_face0.jpg,none,
track_431_sample_1_sec_1389_face0.jpg,ming,0.29062617674174795
track_682_sample_1_sec_2980_face0.jpg,ming,0.3598040331866026
track_1060_sample_1_sec_4198_face0.jpg,xiao,0.6750802077074616
track_792_sample_2_sec_3660_face0.jpg,ming,0.024097868604419648
track_1013_sample_1_sec_4046_face0.jpg,ming,0.01767615684070356
track_1011_sample_1_sec_4042_face0.jpg,xiao,0.03435852239897064
track_520_sample_2_sec_2053_face0.jpg,ming,0.021283106463675594
track_477_sample_2_sec_1833_face1.jpg,xiao,0.023582142875326895
track_703_sample_1_sec_3158_face0.jpg,ming,0.022386478894396378
track_932_sample_3_sec_3880_face1.jpg,ming,0.017420068022918844
track_211_sample_3_sec_554_face0.jpg,ming,0.022161599129071674
track_735_sample_3_sec_3417_face0.jpg,none,
track_57_sample_1_sec_161_face0.jpg,ming,0.03041242736787453
track_457_sample_1_sec_1731_face0.jpg,none,
track_94_sample_3_sec_416_face0.jpg,xiao,0.02035792808740511
track_1108_sample_3_sec_4305_face0.jpg,ming,0.00947193163054516
track_384_sample_2_sec_1201_face0.jpg,ming,0.019387075098107442
track_118_sample_2_sec_466_face0.jpg,ming,0.5535677436735342
track_647_sample_1_sec_2869_face0.jpg,none,
track_268_sample_1_sec_707_face0.jpg,xiao,0.025609190582518426
track_274_sample_1_sec_749_face2.jpg,ming,0.022547964317483182
track_681_sample_2_sec_2988_face0.jpg,xiao,0.5392635660601484
track_996_sample_2_sec_4004_face0.jpg,ming,0.022568862677165624
track_1018_sample_3_sec_4068_face0.jpg,ming,0.06979870545139877
track_161_sample_1_sec_488_face0.jpg,xiao,0.5899326744757132
track_948_sample_3_sec_3900_face0.jpg,ming,0.02603007530455781
track_134_sample_2_sec_476_face0.jpg,xiao,0.4275760753097728
track_602_sample_2_sec_2513_face0.jpg,xiao,0.5762045087037129
track_1042_sample_1_sec_4144_face0.jpg,ming,0.025140267058664456
track_212_sample_2_sec_580_face0.jpg,ming,0.46351310000372803
track_604_sample_2_sec_2516_face0.jpg,none,
track_467_sample_3_sec_1793_face0.jpg,ming,0.04192681922502739
track_997_sample_1_sec_4003_face0.jpg,ming,0.04173813580347541
track_710_sample_2_sec_3174_face0.jpg,xiao,0.03762252175034375
track_427_sample_3_sec_1398_face0.jpg,ming,0.5061164557097965
track_223_sample_3_sec_697_face0.jpg,ming,0.02532982346609447
track_532_sample_3_sec_2081_face0.jpg,ming,0.037559055418528886
track_89_sample_1_sec_392_face0.jpg,xiao,0.6118368128737113
track_518_sample_3_sec_2040_face0.jpg,ming,0.027660584182275127
track_89_sample_1_sec_392_face1.jpg,ming,0.018705486552157757
track_292_sample_2_sec_1074_face0.jpg,ming,0.0031873819251097
track_622_sample_1_sec_2715_face0.jpg,ming,0.018070353139895134
track_997_sample_1_sec_4003_face1.jpg,ming,0.02001479480232915
track_602_sample_2_sec_2513_face1.jpg,ming,0.015310090832829304
track_1076_sample_1_sec_4244_face0.jpg,ming,0.5289569869292177
track_819_sample_2_sec_3697_face0.jpg,xiao,0.13046222407775132
track_161_sample_1_sec_488_face1.jpg,ming,0.020014181884924764
track_534_sample_2_sec_2081_face0.jpg,ming,0.021337951734070604
track_444_sample_1_sec_1600_face0.jpg,xiao,0.5545097345335817
track_827_sample_3_sec_3711_face0.jpg,ming,0.021082019963326704
track_647_sample_1_sec_2869_face1.jpg,ming,0.07740586746105826
track_977_sample_2_sec_3930_face0.jpg,ming,0.01687007463392176
track_1007_sample_1_sec_4033_face0.jpg,xiao,0.6548606676249636
track_273_sample_1_sec_721_face0.jpg,ming,0.02081704578228405
track_492_sample_1_sec_1902_face0.jpg,ming,0.022551201532080123
track_670_sample_2_sec_2932_face0.jpg,ming,0.10361540985385465
track_458_sample_3_sec_1734_face0.jpg,xiao,0.12221641429962926
track_94_sample_3_sec_416_face1.jpg,ming,0.014867538243628409
track_801_sample_3_sec_3681_face0.jpg,xiao,0.0795158339589237
track_383_sample_2_sec_1137_face0.jpg,ming,0.0
track_384_sample_3_sec_1204_face0.jpg,ming,0.018873542232546225
track_1005_sample_3_sec_4062_face0.jpg,ming,0.014094079422678152
track_149_sample_1_sec_483_face0.jpg,ming,0.024984038631491567
track_517_sample_1_sec_2007_face0.jpg,xiao,0.44026163737321344
track_531_sample_2_sec_2069_face0.jpg,ming,0.026895017204006888
track_426_sample_2_sec_1374_face0.jpg,ming,0.022788419875460875
track_489_sample_3_sec_1941_face0.jpg,ming,0.016212356894875657
track_441_sample_2_sec_1587_face0.jpg,xiao,0.019786310344994673
track_521_sample_2_sec_2059_face0.jpg,ming,0.02457902050947014
track_455_sample_2_sec_1733_face0.jpg,ming,0.3167333750952328
track_431_sample_2_sec_1390_face0.jpg,ming,0.30965459749148894
track_389_sample_1_sec_1208_face0.jpg,ming,0.021235926521107062
track_2_sample_3_sec_70_face0.jpg,xiao,-2.220446049250313e-16
track_584_sample_1_sec_2326_face0.jpg,xiao,0.4391576703405088
track_158_sample_3_sec_490_face0.jpg,xiao,0.552544982015361
track_693_sample_3_sec_3111_face0.jpg,ming,0.01903886046996406
track_23_sample_3_sec_124_face0.jpg,ming,0.026525061734345656
track_274_sample_1_sec_749_face1.jpg,xiao,0.025060705946314932
track_679_sample_1_sec_2961_face0.jpg,ming,0.46875312566443517
track_156_sample_3_sec_487_face0.jpg,ming,0.0782542301349265
track_154_sample_1_sec_485_face0.jpg,ming,0.01849555992082441
track_212_sample_1_sec_576_face0.jpg,ming,0.6445185051319069
track_84_sample_1_sec_370_face0.jpg,ming,0.00829166388178948
track_672_sample_3_sec_2944_face0.jpg,none,
track_971_sample_2_sec_3919_face0.jpg,ming,0.03325960329000144
track_1054_sample_2_sec_4207_face0.jpg,xiao,0.64570585300048
track_427_sample_2_sec_1378_face0.jpg,ming,0.18653513563193758
track_1127_sample_1_sec_4322_face0.jpg,ming,0.0178564922932557
track_987_sample_1_sec_3980_face0.jpg,ming,0.07003952519313739
track_536_sample_3_sec_2102_face0.jpg,ming,0.6605126349864131
track_462_sample_3_sec_1734_face0.jpg,none,
track_512_sample_3_sec_1998_face0.jpg,ming,-2.220446049250313e-16
track_868_sample_3_sec_3868_face0.jpg,ming,0.01491719200381214
track_484_sample_1_sec_1880_face0.jpg,none,
track_967_sample_2_sec_3938_face0.jpg,xiao,0.6721399097287799
track_521_sample_1_sec_2046_face0.jpg,ming,0.025895592608415452
track_53_sample_1_sec_138_face0.jpg,xiao,0.020476808580199735
track_710_sample_1_sec_3172_face0.jpg,ming,0.023930546193623448
track_36_sample_1_sec_135_face0.jpg,ming,0.016724097720287823
track_1105_sample_1_sec_4292_face0.jpg,ming,0.013109458793188256
track_103_sample_2_sec_423_face0.jpg,ming,0.018613486411429347
track_383_sample_1_sec_1125_face0.jpg,ming,0.5688955675700209
track_710_sample_1_sec_3172_face1.jpg,ming,0.02566007855168506
track_997_sample_1_sec_4003_face2.jpg,xiao,0.02784464068161041
track_590_sample_1_sec_2391_face0.jpg,ming,0.02808882486007591
track_563_sample_1_sec_2232_face0.jpg,xiao,0.3218609162796653
track_650_sample_3_sec_2915_face0.jpg,ming,0.017100585834065263
track_1006_sample_2_sec_4039_face0.jpg,none,
track_436_sample_3_sec_1575_face0.jpg,xiao,0.5672979160038258
track_536_sample_1_sec_2083_face0.jpg,ming,0.6402421272071291
track_462_sample_3_sec_1734_face1.jpg,none,
track_110_sample_1_sec_438_face0.jpg,xiao,0.026040099685195828
track_727_sample_2_sec_3359_face0.jpg,ming,0.4048250281308262
track_749_sample_2_sec_3451_face0.jpg,xiao,0.029585210879422785
track_642_sample_2_sec_2839_face0.jpg,ming,0.615371642679768
track_512_sample_2_sec_1989_face0.jpg,ming,0.4067297099543895
track_984_sample_1_sec_3960_face0.jpg,ming,0.24559793995075563
track_274_sample_1_sec_749_face0.jpg,none,
track_23_sample_3_sec_124_face1.jpg,ming,0.021322040245405183
track_1054_sample_3_sec_4216_face0.jpg,xiao,0.563295494370579
track_1055_sample_1_sec_4198_face0.jpg,ming,0.6658965314066507
track_1022_sample_3_sec_4068_face0.jpg,ming,0.006223784210225403
track_454_sample_3_sec_1754_face0.jpg,ming,0.23067074961513057
track_94_sample_3_sec_416_face2.jpg,ming,0.005394903037205023
track_175_sample_1_sec_492_face0.jpg,ming,0.018133400754444695
track_434_sample_2_sec_1407_face0.jpg,ming,0.3343066290360681
track_709_sample_2_sec_3172_face0.jpg,ming,0.15256568831919237
track_127_sample_2_sec_473_face0.jpg,ming,0.01959560393165971
